uid,namedLocation,date,eventID,domainID,siteID,plotID,subplotID,individualID,tempStemID,tagStatus,growthForm,plantStatus,stemDiameter,measurementHeight,changedMeasurementLocation,height,baseCrownHeight,breakHeight,breakDiameter,maxCrownDiameter,ninetyCrownDiameter,canopyPosition,shape,basalStemDiameter,basalStemDiameterMsrmntHeight,maxBaseCrownDiameter,ninetyBaseCrownDiameter,dendrometerInstallationDate,initialGapMeasurementDate,initialBandStemDiameter,initialDendrometerGap,dendrometerHeight,dendrometerGap,dendrometerCondition,bandStemDiameter,remarks,recordedBy,measuredBy,dataEntryRecordID,dataQF
36288399-d8e4-4db3-a73e-447de8071845,CLBJ_006.basePlot.vst,11/22/2021,vst_CLBJ_2021,D11,CLBJ,CLBJ_006,40_100,NEON.PLA.D11.CLBJ.02214,1,ok,small tree,Live,5.1,130,noChange,3.3,,,,2.8,2.1,Partially shaded,,,,,,,,,,,,,,,0000-0001-5569-8352,0000-0003-0674-5356,61aa64a5-783e-47aa-a776-301b47ddec8a,
070fd2e3-049b-48d6-9b89-b0f7db274b0e,CLBJ_006.basePlot.vst,11/22/2021,vst_CLBJ_2021,D11,CLBJ,CLBJ_006,32_100,NEON.PLA.D11.CLBJ.02220,1,ok,small tree,Live,6.6,130,noChange,4,,,,3.2,2.8,Open grown,,,,,,,,,,,,,,,0000-0001-5569-8352,0000-0003-0674-5356,d58811b8-bdb3-457f-90f8-f65dd68105d2,
b56c8323-3ce7-44ad-b49a-9ed742b17008,CLBJ_006.basePlot.vst,11/22/2021,vst_CLBJ_2021,D11,CLBJ,CLBJ_006,41_100,NEON.PLA.D11.CLBJ.02218,1,ok,small tree,Live,7.1,130,noChange,3.1,,,,3,2.9,Partially shaded,,,,,,,,,,,,,,,0000-0001-5569-8352,0000-0003-0674-5356,d39b8440-87b7-4b1b-a861-59be478f017e,
638f2f5a-417d-4c02-a87a-c2c2f8f8a651,CLBJ_006.basePlot.vst,11/22/2021,vst_CLBJ_2021,D11,CLBJ,CLBJ_006,40_100,NEON.PLA.D11.CLBJ.00929,1,ok,small tree,Live,6.4,140,noChange,3.8,,,,2.8,2.4,Partially shaded,,,,,,,,,,,,,,,0000-0001-5569-8352,0000-0003-0674-5356,01eb6114-3784-4fc4-b705-89f0e8041e12,
5ffb2414-69bf-489d-b22e-5a71339a85b6,CLBJ_006.basePlot.vst,11/22/2021,vst_CLBJ_2021,D11,CLBJ,CLBJ_006,40_100,NEON.PLA.D11.CLBJ.00926,1,ok,single bole tree,Live,13.4,130,noChange,5.9,,,,4.5,3.9,Full sun,,,,,,,,,,,,,,,0000-0001-5569-8352,0000-0003-0674-5356,98a5340c-a6b3-4025-8cc0-e9a4e1aab7ea,
ff7a23a7-9a6b-447b-8c56-ed4cba3d7fd8,CLBJ_006.basePlot.vst,11/22/2021,vst_CLBJ_2021,D11,CLBJ,CLBJ_006,40_100,NEON.PLA.D11.CLBJ.00915,1,replaced,small tree,Live,1.3,130,noChange,1.7,,,,1,0.8,Open grown,,,,,,,,,,,,,,Tag moved from smaller bole to larger bole,0000-0001-5569-8352,0000-0003-0674-5356,d0b01e7b-f728-4c4c-b567-f066c82160c7,
f0ca7643-9727-4c9f-85b2-076f29debc81,CLBJ_006.basePlot.vst,11/22/2021,vst_CLBJ_2021,D11,CLBJ,CLBJ_006,41_100,NEON.PLA.D11.CLBJ.00920,1,ok,small tree,Live,1.7,130,noChange,2.1,,,,1.2,0.8,Mostly shaded,,,,,,,,,,,,,,,0000-0001-5569-8352,0000-0003-0674-5356,034245fb-24b4-434e-a4cc-fa636d26069d,
fd8e69c2-2f5c-4a86-b2d7-89f84cfe2fb9,CLBJ_006.basePlot.vst,11/22/2021,vst_CLBJ_2021,D11,CLBJ,CLBJ_006,32_100,NEON.PLA.D11.CLBJ.00931,2,ok,sapling,Live,,,noChange,,,,,,,Open grown,,1.7,10,,,,,,,,,,,,0000-0001-5569-8352,0000-0003-0674-5356,c642f6f6-550d-4b86-98f3-518f4849ff09,
4259e384-b4eb-4b69-8a4d-1b57da8c9ed5,CLBJ_006.basePlot.vst,11/22/2021,vst_CLBJ_2021,D11,CLBJ,CLBJ_006,40_100,NEON.PLA.D11.CLBJ.02217,1,ok,small tree,Live,8.8,130,noChange,4.6,,,,3.1,2.1,Partially shaded,,,,,,,,,,,,,,,0000-0001-5569-8352,0000-0003-0674-5356,bdf90f1a-1081-4917-b084-5f8eb7aea0af,
249e4f64-80c5-4542-bf9c-68e924dcdb4c,CLBJ_006.basePlot.vst,11/22/2021,vst_CLBJ_2021,D11,CLBJ,CLBJ_006,31_100,NEON.PLA.D11.CLBJ.00934,1,ok,small tree,Live,6.8,130,noChange,3,,,,3.2,2.4,Full sun,,,,,,,,,,,,,,,0000-0001-5569-8352,0000-0003-0674-5356,f64fc744-750f-49f8-a1dd-6c1b103c001d,
67fac41c-361d-437c-820c-d9894d6658e5,CLBJ_006.basePlot.vst,11/22/2021,vst_CLBJ_2021,D11,CLBJ,CLBJ_006,40_100,NEON.PLA.D11.CLBJ.02216,1,ok,small tree,Live,8.9,130,noChange,4.2,,,,2.5,2.4,Full sun,,,,,,,,,,,,,,,0000-0001-5569-8352,0000-0003-0674-5356,9727bf07-e333-4e6c-856c-dc7e6753a594,
7e828512-777d-4273-9b36-120a4d65672b,CLBJ_006.basePlot.vst,11/22/2021,vst_CLBJ_2021,D11,CLBJ,CLBJ_006,31_100,NEON.PLA.D11.CLBJ.00932,1,ok,small tree,Live,3.6,130,noChange,2.5,,,,2.5,2,Full sun,,,,,,,,,,,,,,Measurement height shifted 10cm down due to aberration,0000-0001-5569-8352,0000-0003-0674-5356,9188634e-13c4-438e-ada0-43cba014b418,
9f1d7853-ef2b-441b-b857-5ce145a801e3,CLBJ_006.basePlot.vst,11/22/2021,vst_CLBJ_2021,D11,CLBJ,CLBJ_006,41_100,NEON.PLA.D11.CLBJ.03026,2,ok,sapling,Live,,,noChange,,,,,,,Mostly shaded,,1,10,,,,,,,,,,,,0000-0001-5569-8352,0000-0003-0674-5356,44f0e81f-6908-4db7-975a-415a8a6ced9d,
15c5a6c1-4a8f-47bf-8a53-0f32adf6e676,CLBJ_006.basePlot.vst,11/22/2021,vst_CLBJ_2021,D11,CLBJ,CLBJ_006,32_100,NEON.PLA.D11.CLBJ.02220,2,ok,small tree,Live,6.3,180,noChange,,,,,,,,,,,,,,,,,,,,,,0000-0001-5569-8352,0000-0003-0674-5356,4af5cd83-d0d0-444a-9b1d-5624860338d7,
cf5db319-028a-44a6-8d44-15fdc77927da,CLBJ_006.basePlot.vst,11/22/2021,vst_CLBJ_2021,D11,CLBJ,CLBJ_006,32_100,NEON.PLA.D11.CLBJ.02220,3,ok,small tree,Live,4,180,noChange,,,,,,,,,,,,,,,,,,,,,,0000-0001-5569-8352,0000-0003-0674-5356,8e03cae4-3ff9-4fb4-8502-46b4f0ecc1d4,
2914d5c7-1e3a-4c34-921a-d1cc92821a39,CLBJ_006.basePlot.vst,11/22/2021,vst_CLBJ_2021,D11,CLBJ,CLBJ_006,41_100,NEON.PLA.D11.CLBJ.03026,1,ok,sapling,Live,,,noChange,1.6,,,,,,Mostly shaded,,1.5,10,,,,,,,,,,,,0000-0001-5569-8352,0000-0003-0674-5356,f5f153e3-1d0f-484f-a224-3d2a79f5f566,
e8b137d2-ad9d-4ab2-a0ce-62dcbbe5b893,CLBJ_006.basePlot.vst,11/22/2021,vst_CLBJ_2021,D11,CLBJ,CLBJ_006,40_100,NEON.PLA.D11.CLBJ.02914,1,ok,small tree,Live,1.1,130,noChange,1.5,,,,1.1,0.7,Full sun,,,,,,,,,,,,,,,0000-0001-5569-8352,0000-0003-0674-5356,56accf2b-2074-4a51-a5ae-fa2fa7f01441,
0ac1d8c6-8de8-4490-b062-f3a29ba67b86,CLBJ_006.basePlot.vst,11/22/2021,vst_CLBJ_2021,D11,CLBJ,CLBJ_006,32_100,NEON.PLA.D11.CLBJ.00931,4,ok,sapling,Standing dead,,,noChange,,,,,,,Open grown,,1.4,10,,,,,,,,,,,Unknown,0000-0001-5569-8352,0000-0003-0674-5356,82ac5c03-2ff5-46dd-984b-9ad2e8d105c2,
10cdf878-b490-47f3-8776-c8a5a4f36ec5,CLBJ_006.basePlot.vst,11/22/2021,vst_CLBJ_2021,D11,CLBJ,CLBJ_006,40_100,NEON.PLA.D11.CLBJ.02913,3,ok,sapling,"Dead, broken bole",,,noChange,,,,,,,Open grown,,3.1,10,,,,,,,,,,,Bole breakage due to fire| Fire; Bole scorch,0000-0001-5569-8352,0000-0003-0674-5356,bf893222-4809-452b-87c4-bb3fad658ff5,
d5bb6994-246d-45b0-81c3-9930392dfa94,CLBJ_006.basePlot.vst,11/22/2021,vst_CLBJ_2021,D11,CLBJ,CLBJ_006,41_100,NEON.PLA.D11.CLBJ.03098,1,ok,sapling,Live,,,noChange,1.5,,,,,,Partially shaded,,1.8,10,,,,,,,,,,,,0000-0001-5569-8352,0000-0003-0674-5356,4916fb86-6e76-4fd4-b1dc-fa50964fc5dd,
0283feb3-b123-4a2d-a266-9bb5228dc4a4,CLBJ_006.basePlot.vst,11/22/2021,vst_CLBJ_2021,D11,CLBJ,CLBJ_006,41_100,NEON.PLA.D11.CLBJ.00921,1,ok,small tree,Live,2.3,130,noChange,2.2,,,,1.8,1.2,Mostly shaded,,,,,,,,,,,,,,,0000-0001-5569-8352,0000-0003-0674-5356,883be90e-eaea-49a4-b80c-ffdcd0186fd7,
0b95575b-a70c-4438-b5a6-c0683198fc65,CLBJ_006.basePlot.vst,11/22/2021,vst_CLBJ_2021,D11,CLBJ,CLBJ_006,41_100,NEON.PLA.D11.CLBJ.02221,1,ok,small tree,Live,5.4,130,noChange,4.4,,,,3.4,3,Partially shaded,,,,,,,,,,,,,,,0000-0001-5569-8352,0000-0003-0674-5356,a871dc6a-4b29-46e8-9785-d8ad147209e2,
cf2ef334-47a4-4784-854b-589e5648e6bb,CLBJ_006.basePlot.vst,11/22/2021,vst_CLBJ_2021,D11,CLBJ,CLBJ_006,40_100,NEON.PLA.D11.CLBJ.02215,1,ok,small tree,Live,6,136,noChange,3.4,,,,2.6,1.6,Partially shaded,,,,,,,,,,,,,,,0000-0001-5569-8352,0000-0003-0674-5356,881396b5-5e65-4949-90b3-3d7c7e890990,
7dcdb3a1-3056-4d74-af4d-59d36d05ea3a,CLBJ_006.basePlot.vst,11/22/2021,vst_CLBJ_2021,D11,CLBJ,CLBJ_006,41_100,NEON.PLA.D11.CLBJ.02219,1,ok,small tree,Standing dead,5,140,noChange,2.3,,,,3.2,2.2,Partially shaded,,,,,,,,,,,,,,Standing dead with living tiny stems from basal.,0000-0001-5569-8352,0000-0003-0674-5356,1a3b315c-fb2a-41ef-a1e1-0549e7a8eba9,
44581547-f82c-498b-98e8-0fa7ddcc733d,CLBJ_006.basePlot.vst,11/22/2021,vst_CLBJ_2021,D11,CLBJ,CLBJ_006,40_100,NEON.PLA.D11.CLBJ.00930,1,ok,small tree,"Live, physically damaged",2,130,noChange,2.1,,,,2.8,2.4,Full sun,,,,,,,,,,,,,,Physical; Crushed; nearby cattle trail,0000-0001-5569-8352,0000-0003-0674-5356,771d7d5c-f3b0-466f-8cb6-03f9b49d74e6,
18ad5936-8853-42be-8728-fd3cc2636b78,CLBJ_006.basePlot.vst,11/22/2021,vst_CLBJ_2021,D11,CLBJ,CLBJ_006,41_100,NEON.PLA.D11.CLBJ.02974,2,ok,sapling,Live,,,noChange,,,,,,,Full sun,,1.7,10,,,,,,,,,,,,0000-0001-5569-8352,0000-0003-0674-5356,bb5ce7ca-f87d-4dd7-b9fd-d317f3ae42fc,
ad9575f0-d1ce-47be-aae5-c146fe332114,CLBJ_006.basePlot.vst,11/22/2021,vst_CLBJ_2021,D11,CLBJ,CLBJ_006,32_100,NEON.PLA.D11.CLBJ.00931,1,ok,sapling,Live,,,noChange,1.2,,,,,,Open grown,,3.4,10,,,,,,,,,,,,0000-0001-5569-8352,0000-0003-0674-5356,b420681d-cadb-49d3-9bb0-3e2d3eee0c34,
70aa7c1f-c5dd-455c-af97-e911e305eb28,CLBJ_006.basePlot.vst,11/22/2021,vst_CLBJ_2021,D11,CLBJ,CLBJ_006,41_100,NEON.PLA.D11.CLBJ.03099,1,ok,sapling,Live,,,noChange,1.1,,,,,,Partially shaded,,2.1,10,,,,,,,,,,,,0000-0001-5569-8352,0000-0003-0674-5356,7845e1aa-0626-41ab-bd63-eaca7fb7037f,
03318ab1-396d-4113-901f-f0330817d3fb,CLBJ_006.basePlot.vst,11/22/2021,vst_CLBJ_2021,D11,CLBJ,CLBJ_006,41_100,NEON.PLA.D11.CLBJ.02974,1,ok,sapling,Live,,,noChange,0.8,,,,,,Full sun,,1.8,10,,,,,,,,,,,,0000-0001-5569-8352,0000-0003-0674-5356,ac0786ea-88b8-45c9-b3e6-41baa2a35657,
14bb0393-a357-476b-adb2-fb4581767c20,CLBJ_006.basePlot.vst,11/22/2021,vst_CLBJ_2021,D11,CLBJ,CLBJ_006,41_100,NEON.PLA.D11.CLBJ.02974,3,ok,sapling,Live,,,noChange,,,,,,,Full sun,,1.2,10,,,,,,,,,,,,0000-0001-5569-8352,0000-0003-0674-5356,cf745e4c-bc1b-44d0-8857-79c05d05691e,
278d0972-be88-4cd4-8fc5-3daf9f45fce3,CLBJ_006.basePlot.vst,11/22/2021,vst_CLBJ_2021,D11,CLBJ,CLBJ_006,31_100,NEON.PLA.D11.CLBJ.02224,1,replaced,small tree,"Live, physically damaged",1.6,130,noChange,2.3,,,,1.9,1.6,Open grown,,,,,,,,,,,,,,Initial stem burned,0000-0001-5569-8352,0000-0003-0674-5356,23e5ee52-be4e-4c21-a67c-22d88488f720,
1d6002a9-3ad4-476e-b015-8a5be9c2acf7,CLBJ_006.basePlot.vst,11/22/2021,vst_CLBJ_2021,D11,CLBJ,CLBJ_006,41_100,NEON.PLA.D11.CLBJ.00917,1,ok,sapling,Live,,,noChange,2,,,,,,Mostly shaded,,4.1,10,,,,,,,,,,,,0000-0001-5569-8352,0000-0003-0674-5356,a9693304-1f7f-4b11-95fe-49a3506543f2,
6cca05cb-967c-47e8-b26a-77dab991950b,CLBJ_006.basePlot.vst,11/22/2021,vst_CLBJ_2021,D11,CLBJ,CLBJ_006,40_100,NEON.PLA.D11.CLBJ.02913,1,ok,sapling,Live,,,noChange,1.1,,,,,,Open grown,,2.5,10,,,,,,,,,,,,0000-0001-5569-8352,0000-0003-0674-5356,daf4497b-789d-4049-9172-6c1aaef340dd,
1c0babd3-3acc-4123-8830-3793b5cc7b03,CLBJ_006.basePlot.vst,11/22/2021,vst_CLBJ_2021,D11,CLBJ,CLBJ_006,32_100,NEON.PLA.D11.CLBJ.00931,3,ok,sapling,Live,,,noChange,,,,,,,Open grown,,1.5,10,,,,,,,,,,,,0000-0001-5569-8352,0000-0003-0674-5356,a3c284b5-00a8-4d61-8134-aa21114cab21,
a6c98507-c271-414a-b890-4577f5d69670,CLBJ_006.basePlot.vst,11/22/2021,vst_CLBJ_2021,D11,CLBJ,CLBJ_006,41_100,NEON.PLA.D11.CLBJ.00919,1,ok,small tree,Live,5.2,130,noChange,3,,,,2.5,1.7,Mostly shaded,,,,,,,,,,,,,,,0000-0001-5569-8352,0000-0003-0674-5356,bc4f402e-f03c-4623-af39-d6008a32e662,
feea0a91-580d-4d43-8854-f48a53a13cc6,CLBJ_006.basePlot.vst,11/22/2021,vst_CLBJ_2021,D11,CLBJ,CLBJ_006,40_100,NEON.PLA.D11.CLBJ.02915,1,,,"Lost, presumed dead",,,noChange,,,,,,,,,,,,,,,,,,,,,Dead; Complete consumption by fire,0000-0001-5569-8352,0000-0003-0674-5356,34ce1c91-c429-44d1-84d9-c1fb18a01c64,
92558821-7976-424d-ad4d-88f7bec09632,CLBJ_006.basePlot.vst,11/22/2021,vst_CLBJ_2021,D11,CLBJ,CLBJ_006,41_100,NEON.PLA.D11.CLBJ.02222,1,ok,small tree,Live,6.5,130,noChange,3.7,,,,3.4,2.9,Full sun,,,,,,,,,,,,,,,0000-0001-5569-8352,0000-0003-0674-5356,a317838b-ef4e-404e-9002-e3fff10bf27d,
d31f558b-b52d-4224-8043-dab0cb0c9020,CLBJ_006.basePlot.vst,11/22/2021,vst_CLBJ_2021,D11,CLBJ,CLBJ_006,40_100,NEON.PLA.D11.CLBJ.02913,2,ok,sapling,Live,,,noChange,,,,,,,Open grown,,2.3,10,,,,,,,,,,,,0000-0001-5569-8352,0000-0003-0674-5356,ecf3977e-ee6d-493b-9155-f055308d844d,
3c7619cb-12f6-4e61-af7e-cbd62705e565,CLBJ_006.basePlot.vst,11/22/2021,vst_CLBJ_2021,D11,CLBJ,CLBJ_006,41_100,NEON.PLA.D11.CLBJ.00914,1,ok,single bole tree,Live,11,130,noChange,5.2,,,,4.9,4,Full sun,,,,,,,,,,,,,,,0000-0001-5569-8352,0000-0003-0674-5356,5563ee41-0918-47bf-b46f-e6909de578fa,
186fedab-43f7-45ec-95e3-38ff48b4d209,CLBJ_003.basePlot.vst,11/23/2021,vst_CLBJ_2021,D11,CLBJ,CLBJ_003,41_100,NEON.PLA.D11.CLBJ.01378,1,,,"Lost, fate unknown",,,noChange,,,,,,,,,,,,,,,,,,,,,Unknown,0000-0002-0594-4276,0000-0001-5569-8352,acb48676-d788-42c5-baa1-3986f4b01b8c,
96786d33-4bbe-4dd2-a0e8-ef107f3e6e3b,CLBJ_003.basePlot.vst,11/23/2021,vst_CLBJ_2021,D11,CLBJ,CLBJ_003,31_10_1,NEON.PLA.D11.CLBJ.03117,1,ok,small shrub,Live,,,noChange,1.6,,,,1.2,0.8,Partially shaded,inverted cone,1.1,15,0.05,0.05,,,,,,,,,,0000-0001-7985-6626,0000-0003-0674-5356,cdd9690f-dc6b-4d33-a114-1050b286f704,
8ec3ebf9-7d75-4af2-85e8-d9e6488d9870,CLBJ_003.basePlot.vst,11/23/2021,vst_CLBJ_2021,D11,CLBJ,CLBJ_003,40_10_3,NEON.PLA.D11.CLBJ.01363,1,ok,small tree,Live,3.4,130,noChange,2.7,,,,2.5,1.6,Mostly shaded,,,,,,,,,,,,,,,0000-0002-0594-4276,0000-0001-5569-8352,eb42b1d1-2ec9-4103-904a-20d646801fc8,
c154f7c7-25bf-4cea-9981-c7367138ff46,CLBJ_003.basePlot.vst,11/23/2021,vst_CLBJ_2021,D11,CLBJ,CLBJ_003,40_10_3,NEON.PLA.D11.CLBJ.02607,1,ok,sapling,Live,,,noChange,0.4,,,,,,Mostly shaded,,2.2,10,,,,,,,,,,,,0000-0002-0594-4276,0000-0001-5569-8352,f53973f7-d145-48bb-adbf-54b63ad8d96a,
5ae059d3-a9b8-45ed-9985-d6d598c4b94e,CLBJ_003.basePlot.vst,11/23/2021,vst_CLBJ_2021,D11,CLBJ,CLBJ_003,41_100,NEON.PLA.D11.CLBJ.01260,1,ok,single bole tree,"Live, physically damaged",47.1,130,noChange,10.4,,,,12.1,9.1,Full sun,,,,,,,,,,,,,,Physical; Bole scorch,0000-0002-0594-4276,0000-0001-5569-8352,f9a28277-81ca-438c-aae3-a17ac4029543,
ccfee8e2-1c8b-49b1-92b3-cf5b100a2a3c,CLBJ_003.basePlot.vst,11/23/2021,vst_CLBJ_2021,D11,CLBJ,CLBJ_003,31_10_1,NEON.PLA.D11.CLBJ.03119,1,ok,sapling,Live,,,noChange,0.9,,,,,,Partially shaded,,1.1,10,,,,,,,,,,,,0000-0001-7985-6626,0000-0003-0674-5356,d8d32285-2a6a-4196-819e-484d54d6d65b,
708b504e-bd16-4c7a-8750-d1c7cce4dc4c,CLBJ_003.basePlot.vst,11/23/2021,vst_CLBJ_2021,D11,CLBJ,CLBJ_003,41_100,NEON.PLA.D11.CLBJ.01262,1,ok,single bole tree,"Live, physically damaged",13,130,noChange,7.4,,,,4.7,3.3,Partially shaded,,,,,,,,,,,,,,Scorched and some bark missing at base| Physical; Bole scorch,0000-0002-0594-4276,0000-0001-5569-8352,028b5cd9-4f9c-4572-80dc-9e88d7e78a65,
c0f677af-3d31-42ce-b5bf-c564346490f8,CLBJ_003.basePlot.vst,11/23/2021,vst_CLBJ_2021,D11,CLBJ,CLBJ_003,41_10_4,NEON.PLA.D11.CLBJ.02610,1,ok,sapling,Live,,,noChange,1.5,,,,,,Partially shaded,,1.7,10,,,,,,,,,,,,0000-0002-0594-4276,0000-0001-5569-8352,148d9752-c45e-4477-b63f-18d971bd7365,
1a949236-8241-465c-86ce-c5bdceef396b,CLBJ_003.basePlot.vst,11/23/2021,vst_CLBJ_2021,D11,CLBJ,CLBJ_003,40_10_3,NEON.PLA.D11.CLBJ.01048,1,ok,small tree,"Live, physically damaged",4.4,130,noChange,2.7,,,,2.5,1.2,Mostly shaded,,,,,,,,,,,,,,Other Damage; Bole damage; basal bark rubbed or broken off,0000-0002-0594-4276,0000-0001-5569-8352,4b281b43-d026-4e92-9c6c-2e18738495a8,
1e6236ba-3675-48fa-b5e9-cbae1b33f4f6,CLBJ_003.basePlot.vst,11/23/2021,vst_CLBJ_2021,D11,CLBJ,CLBJ_003,31_10_1,NEON.PLA.D11.CLBJ.03118,1,ok,sapling,Live,,,noChange,1.9,,,,,,Partially shaded,,2,10,,,,,,,,,,,,0000-0001-7985-6626,0000-0003-0674-5356,227b2dc3-697e-4d45-af28-d592a94e95b4,
0b361679-ec4c-49bf-9b1b-045a1edf0d92,CLBJ_003.basePlot.vst,11/23/2021,vst_CLBJ_2021,D11,CLBJ,CLBJ_003,41_100,NEON.PLA.D11.CLBJ.01261,1,ok,single bole tree,"Live, physically damaged",13.2,130,noChange,7.3,,,,3.4,2.2,Partially shaded,,,,,,,,,,,,,,Scorched| Physical; Bole scorch,0000-0002-0594-4276,0000-0001-5569-8352,df7e7d6e-aefc-4e2b-8887-efb2ce40a97a,
ce67f1e4-cec8-4de9-a917-5a86925296cc,CLBJ_003.basePlot.vst,11/23/2021,vst_CLBJ_2021,D11,CLBJ,CLBJ_003,41_100,NEON.PLA.D11.CLBJ.03028A,2,ok,multi-bole tree,Live,7.6,130,noChange,,,,,,,,,,,,,,,,,,,,,Tag 3028A,0000-0002-0594-4276,0000-0001-5569-8352,dadb9dd7-dc18-47eb-8dd3-f6e9cf19a712,
1e60b50e-ac44-4927-a1c8-eed265ac5408,CLBJ_003.basePlot.vst,11/23/2021,vst_CLBJ_2021,D11,CLBJ,CLBJ_003,41_100,NEON.PLA.D11.CLBJ.03028B,3,ok,multi-bole tree,Live,3.6,130,noChange,,,,,,,,,,,,,,,,,,,,,Tag 3028B,0000-0002-0594-4276,0000-0001-5569-8352,811dbe2c-4099-4e44-b9b0-9c0f9c30c115,
e2b438ee-c185-49fb-b197-f27187ddb330,CLBJ_003.basePlot.vst,11/23/2021,vst_CLBJ_2021,D11,CLBJ,CLBJ_003,31_100,NEON.PLA.D11.CLBJ.01064,1,replaced,single bole tree,"Live, physically damaged",36.6,130,noChange,9.6,,,,9.4,7.2,Full sun,,,,,,,,,,,,,,Fire; Bole scorch,0000-0001-7985-6626,0000-0003-0674-5356,9a69bd85-d31b-469d-8514-f9b151a15198,
ef5fd201-14cd-4ce2-a5b7-8af4ae83688f,CLBJ_003.basePlot.vst,11/23/2021,vst_CLBJ_2021,D11,CLBJ,CLBJ_003,32_100,NEON.PLA.D11.CLBJ.01071,1,ok,multi-bole tree,Live,14.7,130,noChange,3.5,,,,6.6,6,Partially shaded,,,,,,,,,,,,,,,0000-0001-7985-6626,0000-0003-0674-5356,1ca9f7fd-e2b8-479f-9d91-d0ee0a4d9f8c,
4d47576a-6b4b-42f5-99f3-d96a61283a31,CLBJ_003.basePlot.vst,11/23/2021,vst_CLBJ_2021,D11,CLBJ,CLBJ_003,32_100,NEON.PLA.D11.CLBJ.01068,1,ok,single bole tree,Live,21.8,130,noChange,9.2,,,,6,5,Partially shaded,,,,,,,,,,,,,,,0000-0001-7985-6626,0000-0003-0674-5356,c1edc848-11a1-4e76-9b12-9a4eb3308cec,
f4a64b79-4b44-4b59-87d8-ad87a264fda6,CLBJ_003.basePlot.vst,11/23/2021,vst_CLBJ_2021,D11,CLBJ,CLBJ_003,31_10_4,NEON.PLA.D11.CLBJ.03018,1,ok,sapling,Live,,,noChange,1.2,,,,,,Partially shaded,,1.4,10,,,,,,,,,,,,0000-0001-7985-6626,0000-0003-0674-5356,a62f7694-9d39-48ee-90e1-391a4a4a52d2,
4a8421fc-0c35-45a8-b5c7-32b08656b02a,CLBJ_003.basePlot.vst,11/23/2021,vst_CLBJ_2021,D11,CLBJ,CLBJ_003,41_100,NEON.PLA.D11.CLBJ.03028D,5,ok,multi-bole tree,Live,5.9,130,noChange,,,,,,,,,,,,,,,,,,,,,Tag 3028D,0000-0002-0594-4276,0000-0001-5569-8352,2393a872-9ed3-41df-87dc-dfd1b19961ca,
a444a4ad-2630-4abe-a907-5f9c9a272060,CLBJ_003.basePlot.vst,11/23/2021,vst_CLBJ_2021,D11,CLBJ,CLBJ_003,40_10_1,NEON.PLA.D11.CLBJ.03022,1,ok,sapling,Live,,,noChange,1.1,,,,,,Partially shaded,,1.8,10,,,,,,,,,,,,0000-0002-0594-4276,0000-0001-5569-8352,4b55ea69-1d75-4420-be7d-b579ef2f82fb,
57a9da55-ab64-443c-b839-b989b5455ce8,CLBJ_003.basePlot.vst,11/23/2021,vst_CLBJ_2021,D11,CLBJ,CLBJ_003,41_100,NEON.PLA.D11.CLBJ.01372,1,,,"Lost, fate unknown",,,noChange,,,,,,,,,,,,,,,,,,,,,Unknown,0000-0002-0594-4276,0000-0001-5569-8352,b8fba54b-42f2-498c-97c6-8f9a2a9a6245,
d5e45a09-20ac-46e1-9117-6386d0325cbd,CLBJ_003.basePlot.vst,11/23/2021,vst_CLBJ_2021,D11,CLBJ,CLBJ_003,41_10_4,NEON.PLA.D11.CLBJ.02609,1,ok,sapling,Live,,,noChange,1.4,,,,,,Mostly shaded,,1.7,10,,,,,,,,,,,,0000-0002-0594-4276,0000-0001-5569-8352,204d5880-8577-4960-af31-df47142aaf60,
ba72e5ff-ab4c-4c1d-85c7-3a808bf2ba7d,CLBJ_003.basePlot.vst,11/23/2021,vst_CLBJ_2021,D11,CLBJ,CLBJ_003,40_100,NEON.PLA.D11.CLBJ.01049,1,,,"Lost, presumed dead",,,noChange,,,,,,,,,,,,,,,,,,,,,Unknown| Dead; Presumed dead in blowdown event,0000-0002-0594-4276,0000-0001-5569-8352,80a97582-ed54-4195-afae-10f552ecfcf1,
eaa45ac4-170a-47fe-ac74-80852ab401c9,CLBJ_003.basePlot.vst,11/23/2021,vst_CLBJ_2021,D11,CLBJ,CLBJ_003,40_10_1,NEON.PLA.D11.CLBJ.03023,1,ok,small shrub,Live,,,noChange,1.7,,,,1.8,1.4,Partially shaded,inverted cone,1.4,10,0.2,0.16,,,,,,,,,,0000-0002-0594-4276,0000-0001-5569-8352,dd5daa67-d431-4c9b-a290-eb77dc190c8d,
8ec6dc26-89e1-4601-bd03-1c7b7f8fe601,CLBJ_003.basePlot.vst,11/23/2021,vst_CLBJ_2021,D11,CLBJ,CLBJ_003,40_100,NEON.PLA.D11.CLBJ.01046,1,,,"Lost, fate unknown",,,noChange,,,,,,,,,,,,,,,,,,,,,Unknown,0000-0002-0594-4276,0000-0001-5569-8352,a625281e-8a3f-407b-b08b-9122e9541088,
36496832-2cf0-4233-b8f9-042e2f7f2915,CLBJ_003.basePlot.vst,11/23/2021,vst_CLBJ_2021,D11,CLBJ,CLBJ_003,40_100,NEON.PLA.D11.CLBJ.01360,1,,,"Lost, presumed dead",,,noChange,,,,,,,,,,,,,,,,,,,,,Dead; Presumed dead in blowdown event,0000-0002-0594-4276,0000-0001-5569-8352,2bdea007-96fc-47b7-b825-c2c5b562698e,
5722f972-e316-4371-a009-945949f5ad21,CLBJ_003.basePlot.vst,11/23/2021,vst_CLBJ_2021,D11,CLBJ,CLBJ_003,40_100,NEON.PLA.D11.CLBJ.01364,1,,,"Lost, presumed dead",,,noChange,,,,,,,,,,,,,,,,,,,,,Dead; Unknown cause of death,0000-0002-0594-4276,0000-0001-5569-8352,3e0605a1-9e1e-4b62-8ca6-1deada4686e3,
dddb8931-122c-4dd3-a8c4-042d9a3eeb4d,CLBJ_003.basePlot.vst,11/23/2021,vst_CLBJ_2021,D11,CLBJ,CLBJ_003,31_10_1,NEON.PLA.D11.CLBJ.03116,1,ok,small shrub,Live,,,noChange,1.6,,,,0.8,0.5,Partially shaded,inverted cone,1.1,10,0.06,0.04,,,,,,,,,,0000-0001-7985-6626,0000-0003-0674-5356,d7c85b6d-54df-4876-97c8-11d10c02ae03,
053a3199-95ef-476e-847e-46960ea5813b,CLBJ_003.basePlot.vst,11/23/2021,vst_CLBJ_2021,D11,CLBJ,CLBJ_003,41_100,NEON.PLA.D11.CLBJ.01375,1,,,"Lost, fate unknown",,,noChange,,,,,,,,,,,,,,,,,,,,,Unknown,0000-0002-0594-4276,0000-0001-5569-8352,ab81fa7a-e0dd-42bb-a562-3cf253a33287,
4da356c5-0b48-4f02-beac-c9e0e6d4fa04,CLBJ_003.basePlot.vst,11/23/2021,vst_CLBJ_2021,D11,CLBJ,CLBJ_003,41_100,NEON.PLA.D11.CLBJ.03028,1,ok,multi-bole tree,Live,10.4,130,noChange,4,,,,7.4,5.4,Mostly shaded,,,,,,,,,,,,,,,0000-0002-0594-4276,0000-0001-5569-8352,f558e975-5f92-4c95-8fd9-66ad5c9dffaf,
65937093-1846-4410-bb5e-b5d2a261680e,CLBJ_003.basePlot.vst,11/23/2021,vst_CLBJ_2021,D11,CLBJ,CLBJ_003,40_100,NEON.PLA.D11.CLBJ.01362,1,,,"Lost, presumed dead",,,noChange,,,,,,,,,,,,,,,,,,,,,Dead; Unknown cause of death,0000-0002-0594-4276,0000-0001-5569-8352,57608715-3518-450d-a863-e36d28234fa9,
756ba67f-a6f0-43f1-aa51-0e95bd63b8bc,CLBJ_003.basePlot.vst,11/23/2021,vst_CLBJ_2021,D11,CLBJ,CLBJ_003,32_100,NEON.PLA.D11.CLBJ.01071A,2,ok,multi-bole tree,Live,11.3,130,noChange,,,,,,,,,,,,,,,,,,,,,,0000-0001-7985-6626,0000-0003-0674-5356,c8e62f65-ca90-409f-ab2a-2b534e5453b6,
5f9d545c-6aa1-40f6-abc9-2db7a2b6837c,CLBJ_003.basePlot.vst,11/23/2021,vst_CLBJ_2021,D11,CLBJ,CLBJ_003,32_100,NEON.PLA.D11.CLBJ.01076,1,ok,single bole tree,Live,35,130,noChange,9.2,,,,7.6,7.1,Partially shaded,,,,,,,,,,,,,,,0000-0001-7985-6626,0000-0003-0674-5356,b3c08b65-7c16-4131-adbe-28a77cfd9771,
41d193b4-3584-4009-9755-7b7776bb1e8c,CLBJ_003.basePlot.vst,11/23/2021,vst_CLBJ_2021,D11,CLBJ,CLBJ_003,40_100,NEON.PLA.D11.CLBJ.01365,1,,,Downed,,,noChange,,,,,,,,,,,,,,,,,,,,,Dead; Unknown cause of death; broken at base,0000-0002-0594-4276,0000-0001-5569-8352,adc90328-a9d2-4219-9bec-b8881d8dffc0,
54497b92-ccad-4fc2-8e06-05cffa0a4304,CLBJ_003.basePlot.vst,11/23/2021,vst_CLBJ_2021,D11,CLBJ,CLBJ_003,40_100,NEON.PLA.D11.CLBJ.01043,1,,,"Lost, fate unknown",,,noChange,,,,,,,,,,,,,,,,,,,,,Unknown,0000-0002-0594-4276,0000-0001-5569-8352,838f2fd2-2a65-4313-be19-6e0ca04aaeba,
6d166dd0-f7e6-457b-8154-128fd176585f,CLBJ_003.basePlot.vst,11/23/2021,vst_CLBJ_2021,D11,CLBJ,CLBJ_003,41_100,NEON.PLA.D11.CLBJ.03028C,4,ok,multi-bole tree,Live,8.5,130,noChange,,,,,,,,,,,,,,,,,,,,,Tag 3028C,0000-0002-0594-4276,0000-0001-5569-8352,d324c2ab-e0c8-487c-9e06-13e7195cd635,
5600087e-f862-4105-a876-0861a4d2d58c,CLBJ_003.basePlot.vst,11/23/2021,vst_CLBJ_2021,D11,CLBJ,CLBJ_003,41_100,NEON.PLA.D11.CLBJ.03028E,6,ok,multi-bole tree,Live,6.8,130,noChange,,,,,,,,,,,,,,,,,,,,,Tag 3028E,0000-0002-0594-4276,0000-0001-5569-8352,256e3e1e-fd95-4862-894c-b78f23548356,
cb179607-e2f6-4bfd-b4a3-e4b80bc9a1b2,CLBJ_003.basePlot.vst,11/23/2021,vst_CLBJ_2021,D11,CLBJ,CLBJ_003,40_100,NEON.PLA.D11.CLBJ.01042,1,,,"Lost, presumed dead",,,noChange,,,,,,,,,,,,,,,,,,,,,Dead; Presumed dead in blowdown event,0000-0002-0594-4276,0000-0001-5569-8352,dd44c1c9-ab87-465d-97c8-65f20fe9b2b6,
efe58927-b04c-4bd3-bcf1-0d9a0a5edb5b,CLBJ_003.basePlot.vst,11/23/2021,vst_CLBJ_2021,D11,CLBJ,CLBJ_003,40_100,NEON.PLA.D11.CLBJ.01258,1,ok,single bole tree,Live,36,130,noChange,10.6,,,,7.5,6.2,Full sun,,,,,,,,,,,,,,,0000-0002-0594-4276,0000-0001-5569-8352,03ffd883-6b5a-4d22-bf03-2765c58207e6,
a9ee6021-da82-4725-9267-e7aa58a7ea35,CLBJ_003.basePlot.vst,11/23/2021,vst_CLBJ_2021,D11,CLBJ,CLBJ_003,41_100,NEON.PLA.D11.CLBJ.03024,1,ok,single bole tree,"Live, physically damaged",25.7,130,noChange,7.9,,,,9.8,7.3,Partially shaded,,,,,,,,,,,,,,Scorched| Physical; Bole scorch,0000-0002-0594-4276,0000-0001-5569-8352,89ec998a-94da-4aca-87a4-f1ead2a46040,
3a1df80b-bc02-4a4c-8857-3f30475605f7,CLBJ_003.basePlot.vst,11/23/2021,vst_CLBJ_2021,D11,CLBJ,CLBJ_003,40_100,NEON.PLA.D11.CLBJ.01361,1,,,Downed,,,noChange,,,,,,,,,,,,,,,,,,,,,Physical; Crushed; broken at base| Dead; Unknown cause of death,0000-0002-0594-4276,0000-0001-5569-8352,6c1bad94-473c-46af-a2f8-9643b65fba09,
0ecc906e-5783-46a5-a55e-45ee1ee4632b,CLBJ_003.basePlot.vst,11/23/2021,vst_CLBJ_2021,D11,CLBJ,CLBJ_003,31_100,NEON.PLA.D11.CLBJ.01255,1,ok,single bole tree,"Live, physically damaged",16,130,noChange,9.2,,,,4,3.4,Partially shaded,,,,,,,,,,,,,,Fire; Bole scorch,0000-0001-7985-6626,0000-0003-0674-5356,86a5884d-c443-41c1-a4c0-2132892a62d6,
b9daf423-b246-4401-8997-a9768daec1a7,CLBJ_003.basePlot.vst,11/23/2021,vst_CLBJ_2021,D11,CLBJ,CLBJ_003,40_10_1,NEON.PLA.D11.CLBJ.03021,1,ok,sapling,Live,,,noChange,1.5,,,,,,Partially shaded,,2.6,10,,,,,,,,,,,,0000-0002-0594-4276,0000-0001-5569-8352,91818737-b38b-472d-82dc-4d3d904f4ead,
f00c3644-b895-4e8f-b97f-94e66a9bb2a7,CLBJ_003.basePlot.vst,11/23/2021,vst_CLBJ_2021,D11,CLBJ,CLBJ_003,40_10_1,NEON.PLA.D11.CLBJ.03023,3,ok,small shrub,Live,,,noChange,,,,,,,,inverted cone,1,10,0.2,0.16,,,,,,,,,,0000-0002-0594-4276,0000-0001-5569-8352,00821482-1248-4ffc-aa6d-ed47d68a2619,
ce513c25-fbaf-4f31-8001-1b93f9e90d2e,CLBJ_003.basePlot.vst,11/23/2021,vst_CLBJ_2021,D11,CLBJ,CLBJ_003,31_10_4,NEON.PLA.D11.CLBJ.03020,2,ok,sapling,Live,,,noChange,,,,,,,Partially shaded,,1.3,10,,,,,,,,,,,,0000-0001-7985-6626,0000-0003-0674-5356,8a54f910-36ef-426a-b49b-b17e867ceb74,
c15df6df-1a90-4c48-be1e-991f6cdb7c54,CLBJ_003.basePlot.vst,11/23/2021,vst_CLBJ_2021,D11,CLBJ,CLBJ_003,40_100,NEON.PLA.D11.CLBJ.02818,1,ok,single bole tree,"Live, physically damaged",17.7,130,noChange,9.4,,,,6,3.6,Partially shaded,,,,,,,,,,,,,,Fire; Bole scorch,0000-0002-0594-4276,0000-0001-5569-8352,c9965dc7-5031-4e98-b936-d0701b203580,
ea28196b-59a7-40d8-aca2-1ff55ab22a9d,CLBJ_003.basePlot.vst,11/23/2021,vst_CLBJ_2021,D11,CLBJ,CLBJ_003,31_10_4,NEON.PLA.D11.CLBJ.03020,1,ok,sapling,Live,,,noChange,1.3,,,,,,Partially shaded,,1.5,10,,,,,,,,,,,,0000-0001-7985-6626,0000-0003-0674-5356,bf279338-f77b-49dc-ba7a-e4954f97ecd0,
aeb95c92-c8ef-4b49-9769-6453478beb69,CLBJ_003.basePlot.vst,11/23/2021,vst_CLBJ_2021,D11,CLBJ,CLBJ_003,40_100,NEON.PLA.D11.CLBJ.01069,1,ok,single bole tree,Live,33.6,130,noChange,11.6,,,,7.7,6.8,Partially shaded,,,,,,,,,,,,,,,0000-0002-0594-4276,0000-0001-5569-8352,5005fd0f-3627-4175-9279-b91d6b51943e,
08e4242f-0b85-470e-ac38-8ee2e751c978,CLBJ_003.basePlot.vst,11/23/2021,vst_CLBJ_2021,D11,CLBJ,CLBJ_003,40_10_3,NEON.PLA.D11.CLBJ.01044,1,ok,sapling,Live,,,noChange,0.3,,,,,,Mostly shaded,,2.5,10,,,,,,,,,,,,0000-0002-0594-4276,0000-0001-5569-8352,7c3e47f8-4ce7-4c1b-b7c3-5a8377c5a0f3,
ff3ff913-9edf-485b-a470-4b886b4bcd0f,CLBJ_003.basePlot.vst,11/23/2021,vst_CLBJ_2021,D11,CLBJ,CLBJ_003,31_100,NEON.PLA.D11.CLBJ.01063,1,ok,single bole tree,Live,11.2,130,noChange,7.4,,,,2.3,1.1,Partially shaded,,,,,,,,,,,,,,Just Below knob and tag,0000-0001-7985-6626,0000-0003-0674-5356,a4b4958e-92dd-491c-8b44-ef4ada756623,
de9fabb4-73b3-4db3-9e44-844c3dafcbbf,CLBJ_003.basePlot.vst,11/23/2021,vst_CLBJ_2021,D11,CLBJ,CLBJ_003,41_10_1,NEON.PLA.D11.CLBJ.02608,1,ok,sapling,Live,,,noChange,1.7,,,,,,Partially shaded,,2.4,10,,,,,,,,,,,,0000-0002-0594-4276,0000-0001-5569-8352,2a01a6ec-3854-4ad9-a2d6-bb7ac81ab4b6,
aab9023b-769b-4725-8259-7eda5361c092,CLBJ_003.basePlot.vst,11/23/2021,vst_CLBJ_2021,D11,CLBJ,CLBJ_003,41_10_1,NEON.PLA.D11.CLBJ.03027,1,ok,sapling,Live,,,noChange,0.8,,,,,,Partially shaded,,1.1,10,,,,,,,,,,,,0000-0002-0594-4276,0000-0001-5569-8352,6b901720-2466-4569-9d9e-31f8084b79da,
4bc70eb8-741e-4e6a-b081-26213a4dfc71,CLBJ_003.basePlot.vst,11/23/2021,vst_CLBJ_2021,D11,CLBJ,CLBJ_003,32_10_4,NEON.PLA.D11.CLBJ.03115,1,ok,sapling,Live,,,noChange,1,,,,,,Mostly shaded,,1.1,10,,,,,,,,,,,,0000-0001-7985-6626,0000-0003-0674-5356,61a834ff-088e-4b73-94e0-da02a4d8e8ef,
8d93ac19-d1a4-446e-8b27-31bdad13766d,CLBJ_003.basePlot.vst,11/23/2021,vst_CLBJ_2021,D11,CLBJ,CLBJ_003,31_100,NEON.PLA.D11.CLBJ.01073,1,ok,single bole tree,"Live, physically damaged",23.8,130,noChange,9.7,,,,6.6,6.3,Partially shaded,,,,,,,,,,,,,,| Fire; Bole combustion,0000-0001-7985-6626,0000-0003-0674-5356,82c1ba60-9b96-436f-912c-dd8a22937e0c,
a667c792-2685-4120-95c6-02eb79a85afb,CLBJ_003.basePlot.vst,11/23/2021,vst_CLBJ_2021,D11,CLBJ,CLBJ_003,40_10_1,NEON.PLA.D11.CLBJ.03023,2,ok,small shrub,Live,,,noChange,,,,,,,,inverted cone,1,10,0.2,0.16,,,,,,,,,,0000-0002-0594-4276,0000-0001-5569-8352,8a9c8cd4-6c8c-4518-9a7e-6f7b331dcbba,
86eeb299-c2b5-467b-9ad5-33730e2c3843,CLBJ_003.basePlot.vst,11/23/2021,vst_CLBJ_2021,D11,CLBJ,CLBJ_003,31_10_4,NEON.PLA.D11.CLBJ.03019,1,ok,sapling,Live,,,noChange,1.4,,,,,,Partially shaded,,2,10,,,,,,,,,,,,0000-0001-7985-6626,0000-0003-0674-5356,ef3c5bd9-8b11-49b5-8ea4-b98d2e364305,
a38f391f-0b3b-422d-acf7-776208676c8e,CLBJ_003.basePlot.vst,11/23/2021,vst_CLBJ_2021,D11,CLBJ,CLBJ_003,40_100,NEON.PLA.D11.CLBJ.01045,1,,,"Lost, fate unknown",,,noChange,,,,,,,,,,,,,,,,,,,,,Unknown,0000-0002-0594-4276,0000-0001-5569-8352,c9c21786-3e04-44e5-b3c9-915c0a59642e,
bd64d7ab-8ea0-41d5-900f-3184ac493656,CLBJ_004.basePlot.vst,11/24/2021,vst_CLBJ_2021,D11,CLBJ,CLBJ_004,40_100,NEON.PLA.D11.CLBJ.00258,1,,,Downed,,,noChange,,,,,,,,,,,,,,,,,,,,,Dead; Unknown cause of death,0000-0001-5569-8352,0000-0001-9050-1885,5b6c91eb-1ecb-4031-934d-07143a708900,
d1588c2c-ae5e-4651-ae54-3282a7acf6f0,CLBJ_004.basePlot.vst,11/24/2021,vst_CLBJ_2021,D11,CLBJ,CLBJ_004,32_100,NEON.PLA.D11.CLBJ.00110,1,ok,sapling,Live,,,noChange,1,,,,,,Open grown,,2.6,10,,,,,,,,,,,*this qualifying stem was marked as 110,0000-0001-5569-8352,0000-0001-9050-1885,1be03b88-029a-4f81-9351-09e1720a01c6,
8ebd92f6-4eb0-468e-bdc9-7632ac80efeb,CLBJ_004.basePlot.vst,11/24/2021,vst_CLBJ_2021,D11,CLBJ,CLBJ_004,40_100,NEON.PLA.D11.CLBJ.03033,1,ok,sapling,Live,,,noChange,0.9,,,,,,Mostly shaded,,1.2,10,,,,,,,,,,,,0000-0001-5569-8352,0000-0001-9050-1885,1b3a254c-37b8-4cc7-80e6-8ba50e5d0740,
fb6d98b6-2b44-4d9a-bbae-642e52048027,CLBJ_004.basePlot.vst,11/24/2021,vst_CLBJ_2021,D11,CLBJ,CLBJ_004,40_100,NEON.PLA.D11.CLBJ.00259,1,ok,liana,"Live, physically damaged",2.4,130,noChange,,,,,,,,,,,,,,,,,,,,,Fire; Bole scorch,0000-0001-5569-8352,0000-0001-9050-1885,4d09eafd-7fa8-475b-9a89-916e480fc09a,
4a256e74-e200-4f87-812d-0e2877d94559,CLBJ_004.basePlot.vst,11/24/2021,vst_CLBJ_2021,D11,CLBJ,CLBJ_004,31_100,NEON.PLA.D11.CLBJ.00112,1,,,"Lost, fate unknown",,,noChange,,,,,,,,,,,,,,,,,,,,,Tag found on ground,0000-0001-5569-8352,0000-0001-9050-1885,97df3c8e-7939-48e9-8827-036a62b315d6,
eef3acb8-1741-4510-8b16-0a836d5729b9,CLBJ_001.basePlot.vst,11/24/2021,vst_CLBJ_2021,D11,CLBJ,CLBJ_001,32_100,NEON.PLA.D11.CLBJ.03013,1,ok,sapling,Live,,,noChange,0.9,,,,,,Partially shaded,,1.7,10,,,,,,,,,,,,0000-0000-0068-7943,0000-0003-1805-1458,1c601f50-54a3-4b3d-a8aa-a8204bd8a3b9,
b5b88d33-b425-4dcc-97f7-68b9ffb79f2c,CLBJ_004.basePlot.vst,11/24/2021,vst_CLBJ_2021,D11,CLBJ,CLBJ_004,32_100,NEON.PLA.D11.CLBJ.03017,1,ok,sapling,Live,,,noChange,1,,,,,,Partially shaded,,1.2,10,,,,,,,,,,,,0000-0001-5569-8352,0000-0001-9050-1885,ae90833a-dd60-4f60-a5da-eea4d6b94303,
d16a9547-fb0a-4b83-ac0e-510dbce1ab57,CLBJ_004.basePlot.vst,11/24/2021,vst_CLBJ_2021,D11,CLBJ,CLBJ_004,40_100,NEON.PLA.D11.CLBJ.03123,1,ok,sapling,"Live, physically damaged",,,noChange,1.3,,,,,,Mostly shaded,,1.4,10,,,,,,,,,,,Under branches.,0000-0003-1805-1458,0000-0000-0068-7943,835e61a1-5f8f-4784-91e9-dd240031d285,
d683395a-e310-463b-9bf8-0f85530622c0,CLBJ_004.basePlot.vst,11/24/2021,vst_CLBJ_2021,D11,CLBJ,CLBJ_004,31_100,NEON.PLA.D11.CLBJ.00263,1,ok,sapling,Live,,,noChange,0.8,,,,,,Mostly shaded,,1.6,10,,,,,,,,,,,,0000-0003-1805-1458,0000-0000-0068-7943,0499f202-de27-4248-8823-1d68a15fcf5c,
ffca8e26-646d-40f4-9784-922f458f4b26,CLBJ_001.basePlot.vst,11/24/2021,vst_CLBJ_2021,D11,CLBJ,CLBJ_001,32_100,NEON.PLA.D11.CLBJ.02976,1,ok,sapling,Live,,,noChange,0.9,,,,,,Partially shaded,,1.5,10,,,,,,,,,,,,0000-0000-0068-7943,0000-0003-1805-1458,13756ab4-c7fa-41d5-86a2-d962084fedad,
d608f161-fc11-4620-9960-61ca69138257,CLBJ_004.basePlot.vst,11/24/2021,vst_CLBJ_2021,D11,CLBJ,CLBJ_004,40_100,NEON.PLA.D11.CLBJ.03125,1,ok,liana,Live,1.5,130,noChange,,,,,,,,,,,,,,,,,,,,,,0000-0001-5569-8352,0000-0001-9050-1885,c5b37d06-a7c4-4b13-858d-522ff505afdd,
7561a2df-612c-45ae-b108-a977a511146e,CLBJ_004.basePlot.vst,11/24/2021,vst_CLBJ_2021,D11,CLBJ,CLBJ_004,40_100,NEON.PLA.D11.CLBJ.00274A,1,ok,multi-bole tree,Live,10.8,130,noChange,6,,,,6.4,5.6,Partially shaded,,,,,,,,,,,,,,,0000-0003-1805-1458,0000-0000-0068-7943,071d1b38-703c-4fc8-812e-9053d067068d,
aceae65b-cbdc-45e9-8002-137aa95d8806,CLBJ_004.basePlot.vst,11/24/2021,vst_CLBJ_2021,D11,CLBJ,CLBJ_004,31_100,NEON.PLA.D11.CLBJ.00111,1,ok,,No longer qualifies,,,noChange,,,,,,,,,,,,,,,,,,,,,Individual actally a branch of individual #110,0000-0001-5569-8352,0000-0001-9050-1885,9307ef56-3d29-4a8e-acff-6a4f4330cf46,
36475d00-f050-4655-860c-c2664c5522aa,CLBJ_004.basePlot.vst,11/24/2021,vst_CLBJ_2021,D11,CLBJ,CLBJ_004,31_100,NEON.PLA.D11.CLBJ.03029,1,ok,multi-bole tree,Live,11.3,180,noChange,4.7,,,,6.1,5.3,Open grown,,,,,,,,,,,,,,,0000-0001-5569-8352,0000-0001-9050-1885,c11e30eb-69c7-4193-b3af-fd4459e5c76c,
0e77b71d-5ae5-46a5-a595-a619eff54a11,CLBJ_004.basePlot.vst,11/24/2021,vst_CLBJ_2021,D11,CLBJ,CLBJ_004,40_100,NEON.PLA.D11.CLBJ.00275,1,ok,single bole tree,Live,23.4,130,noChange,6.5,,,,7.2,5.8,Full sun,,,,,,,,,,,,,,,0000-0001-5569-8352,0000-0001-9050-1885,4638b2c4-dec7-4c01-bd07-a5991154cd53,
ab3eac7e-2413-478c-8854-2de7daac2f96,CLBJ_004.basePlot.vst,11/24/2021,vst_CLBJ_2021,D11,CLBJ,CLBJ_004,40_100,NEON.PLA.D11.CLBJ.00264,1,,,Downed,,,noChange,,,,,,,,,,,,,,,,,,,,,Dead out of ground,0000-0003-1805-1458,0000-0000-0068-7943,258f7e87-d4c1-4abb-b49a-8792a4366613,
d1fadbbc-77da-458e-9f93-de7f552c5df8,CLBJ_004.basePlot.vst,11/24/2021,vst_CLBJ_2021,D11,CLBJ,CLBJ_004,40_100,NEON.PLA.D11.CLBJ.00261,1,ok,small tree,"Live, physically damaged",4.5,130,noChange,3.1,,,,3.9,1,Mostly shaded,,,,,,,,,,,,,,Fire; Bole scorch,0000-0001-5569-8352,0000-0001-9050-1885,a7386333-a71a-416e-81a2-856c5356ab38,
68f81884-a93b-47d5-81f3-ddbef047a7bb,CLBJ_004.basePlot.vst,11/24/2021,vst_CLBJ_2021,D11,CLBJ,CLBJ_004,40_100,NEON.PLA.D11.CLBJ.00121,1,ok,sapling,Live,,,noChange,1.4,,,,,,Full shade,,2.4,10,,,,,,,,,,,Unknown,0000-0001-5569-8352,0000-0001-9050-1885,a2058db8-51f6-4ee6-877c-79903441eda1,
1c93c573-a62c-4044-93c4-a06d573c35d7,CLBJ_004.basePlot.vst,11/24/2021,vst_CLBJ_2021,D11,CLBJ,CLBJ_004,32_100,NEON.PLA.D11.CLBJ.00110,5,ok,sapling,Live,,,noChange,,,,,,,Open grown,,3.4,10,,,,,,,,,,,,0000-0001-5569-8352,0000-0001-9050-1885,89336a3d-9378-43c3-8e6b-5fb102498be3,
b581437c-ca21-4949-92f6-0f08818b830c,CLBJ_001.basePlot.vst,11/24/2021,vst_CLBJ_2021,D11,CLBJ,CLBJ_001,40_100,NEON.PLA.D11.CLBJ.03015,1,ok,sapling,Live,,,noChange,0.9,,,,,,Full sun,,2.2,10,,,,,,,,,,,,0000-0000-0068-7943,0000-0003-1805-1458,fa3a428c-9bc5-440e-9e0b-c2172edb98dc,
37e70928-0c15-43c5-8ab5-befecec03af2,CLBJ_004.basePlot.vst,11/24/2021,vst_CLBJ_2021,D11,CLBJ,CLBJ_004,32_100,NEON.PLA.D11.CLBJ.00110,2,ok,sapling,Live,,,noChange,,,,,,,Open grown,,1.6,10,,,,,,,,,,,,0000-0001-5569-8352,0000-0001-9050-1885,8fdef42f-cddb-4fdb-b953-fa1813045cef,
6b629e5e-a0d8-4b2d-ad26-84d42075d81b,CLBJ_004.basePlot.vst,11/24/2021,vst_CLBJ_2021,D11,CLBJ,CLBJ_004,41_100,NEON.PLA.D11.CLBJ.00122,1,ok,single bole tree,"Live,  other damage",11.7,130,noChange,4.4,,,,3.1,2.7,Partially shaded,,,,,,,,,,,,,,Fire damage,0000-0003-1805-1458,0000-0000-0068-7943,89194534-c13c-4710-9c9f-2105e3c9a301,
cc1ebd12-6dd6-4293-adaa-66b7bc2d5db1,CLBJ_001.basePlot.vst,11/24/2021,vst_CLBJ_2021,D11,CLBJ,CLBJ_001,32_100,NEON.PLA.D11.CLBJ.03120,1,ok,sapling,Live,,,noChange,0.7,,,,,,Partially shaded,,1.1,10,,,,,,,,,,,,0000-0000-0068-7943,0000-0003-1805-1458,fdb2e622-e41b-403b-a912-6b1a6c7d2016,
65e815ad-9eec-4421-bc7e-07fb4cdc1684,CLBJ_004.basePlot.vst,11/24/2021,vst_CLBJ_2021,D11,CLBJ,CLBJ_004,40_100,NEON.PLA.D11.CLBJ.00277,1,ok,single bole tree,Live,19.7,167,noChange,6,,,,6.9,6.4,Partially shaded,,,,,,,,,,,,,,,0000-0003-1805-1458,0000-0000-0068-7943,11be9594-7179-4de1-9661-16d62bad27db,
7ae2144f-934a-4c9e-98b4-42e887f9ddcd,CLBJ_004.basePlot.vst,11/24/2021,vst_CLBJ_2021,D11,CLBJ,CLBJ_004,40_100,NEON.PLA.D11.CLBJ.00115,1,,,"Lost, presumed dead",,,noChange,,,,,,,,,,,,,,,,,,,,,Unknown,0000-0001-5569-8352,0000-0001-9050-1885,c8988470-15b7-4d92-b2f4-adc72e076930,
4d92aa0d-0321-4e2c-bb5f-07b4cb61cf26,CLBJ_001.basePlot.vst,11/24/2021,vst_CLBJ_2021,D11,CLBJ,CLBJ_001,32_100,NEON.PLA.D11.CLBJ.00800,1,ok,single bole tree,Live,15.9,130,noChange,6.2,,,,6.2,5.8,Open grown,,,,,,,,,,,,,,,0000-0000-0068-7943,0000-0003-1805-1458,fbe5816c-7a9c-4b6d-981a-343b8ca0503b,
345755fa-0e3f-495f-92e6-5aa1a8deb099,CLBJ_001.basePlot.vst,11/24/2021,vst_CLBJ_2021,D11,CLBJ,CLBJ_001,32_100,NEON.PLA.D11.CLBJ.00408,1,ok,sapling,Live,,,noChange,1,,,,,,Partially shaded,,1.7,10,,,,,,,,,,,,0000-0000-0068-7943,0000-0003-1805-1458,914567d4-c058-4c5c-a92c-6b12ddb9b46e,
9e597372-f7ea-4180-8652-424187c03429,CLBJ_001.basePlot.vst,11/24/2021,vst_CLBJ_2021,D11,CLBJ,CLBJ_001,32_100,NEON.PLA.D11.CLBJ.03121,1,ok,sapling,Live,,,noChange,0.8,,,,,,Open grown,,1.1,10,,,,,,,,,,,,0000-0000-0068-7943,0000-0003-1805-1458,eb1d087b-ba24-4f19-9222-453e8bac3425,
30b9a9db-6065-4fd5-a607-3a5427525998,CLBJ_001.basePlot.vst,11/24/2021,vst_CLBJ_2021,D11,CLBJ,CLBJ_001,32_100,NEON.PLA.D11.CLBJ.02975,1,ok,small tree,Live,1.6,131,noChange,2.2,,,,1.2,1.1,Partially shaded,,,,,,,,,,,,,,,0000-0000-0068-7943,0000-0003-1805-1458,16efa418-f8e5-4af3-b013-23b7069a6a3a,
3aaaa914-f36e-458a-b4b6-33dca3e4cbe2,CLBJ_004.basePlot.vst,11/24/2021,vst_CLBJ_2021,D11,CLBJ,CLBJ_004,31_100,NEON.PLA.D11.CLBJ.03029B,3,ok,multi-bole tree,Live,10.1,200,noChange,,,,,,,,,,,,,,,,,,,,,,0000-0001-5569-8352,0000-0001-9050-1885,73182e91-74ce-480a-9dd9-7387fb62590e,
85755b52-c3e9-4623-8336-495bc6d46ed0,CLBJ_004.basePlot.vst,11/24/2021,vst_CLBJ_2021,D11,CLBJ,CLBJ_004,40_100,NEON.PLA.D11.CLBJ.00261,3,ok,small tree,"Live, physically damaged",3.7,130,noChange,,,,,,,,,,,,,,,,,,,,,Fire; Bole scorch,0000-0001-5569-8352,0000-0001-9050-1885,26c69047-3c9f-47dc-bfa5-9a57daffd586,
79e5222a-7d8b-4c6a-9b1a-807bbe3573b2,CLBJ_004.basePlot.vst,11/24/2021,vst_CLBJ_2021,D11,CLBJ,CLBJ_004,40_100,NEON.PLA.D11.CLBJ.00261,2,ok,small tree,"Live, physically damaged",3.7,130,noChange,,,,,,,,,,,,,,,,,,,,,Fire; Bole scorch,0000-0001-5569-8352,0000-0001-9050-1885,c0e39e6b-100a-40db-b62b-1909412458ef,
87096f29-bfba-4d66-bc02-d4618e92a756,CLBJ_004.basePlot.vst,11/24/2021,vst_CLBJ_2021,D11,CLBJ,CLBJ_004,40_100,NEON.PLA.D11.CLBJ.00124,1,ok,single bole tree,Live,15.3,140,noChange,5.9,,,,5,4.3,Partially shaded,,,,,,,,,,,,,,,0000-0003-1805-1458,0000-0000-0068-7943,365615be-0bbe-4d4b-8a29-c68f2591930d,
85cd6a9f-5487-4e70-9807-798c27ab53c7,CLBJ_004.basePlot.vst,11/24/2021,vst_CLBJ_2021,D11,CLBJ,CLBJ_004,40_100,NEON.PLA.D11.CLBJ.03032,1,ok,sapling,Live,,,noChange,0.9,,,,,,Mostly shaded,,1.1,10,,,,,,,,,,,,0000-0001-5569-8352,0000-0001-9050-1885,c6b1aeea-3fa5-43ba-90fe-fe64e63a593d,
1cd86f5a-7648-492c-a796-7a4c9a5d3f49,CLBJ_001.basePlot.vst,11/24/2021,vst_CLBJ_2021,D11,CLBJ,CLBJ_001,41_100,NEON.PLA.D11.CLBJ.03122,1,ok,sapling,Live,,,noChange,1,,,,,,Full sun,,1.4,10,,,,,,,,,,,,0000-0000-0068-7943,0000-0003-1805-1458,41136c81-ecce-46ba-84a9-122b1b2c7a2d,
b7681adf-938a-4738-9a0e-d983ab57364f,CLBJ_004.basePlot.vst,11/24/2021,vst_CLBJ_2021,D11,CLBJ,CLBJ_004,32_100,NEON.PLA.D11.CLBJ.00110,4,ok,sapling,Live,,,noChange,,,,,,,Open grown,,1,10,,,,,,,,,,,,0000-0001-5569-8352,0000-0001-9050-1885,d0641670-97da-4cb0-89dd-535a07c2de46,
5f3bd34b-a8ae-4e7e-9e4f-9fa86859a4ed,CLBJ_001.basePlot.vst,11/24/2021,vst_CLBJ_2021,D11,CLBJ,CLBJ_001,32_100,NEON.PLA.D11.CLBJ.02976,1,ok,sapling,Live,,,noChange,0.9,,,,,,Partially shaded,,2.2,10,,,,,,,,,,,,0000-0000-0068-7943,0000-0003-1805-1458,8db487ca-fa43-4251-a532-beceb2358c1d,
194c5226-b2d5-4dea-8a6b-c2cc141b2a8b,CLBJ_004.basePlot.vst,11/24/2021,vst_CLBJ_2021,D11,CLBJ,CLBJ_004,40_100,NEON.PLA.D11.CLBJ.03124,1,ok,liana,Live,1.2,130,noChange,,,,,,,,,,,,,,,,,,,,,,0000-0001-5569-8352,0000-0001-9050-1885,b0a8db9c-985b-4045-acb0-a8f4e802c80a,
563c20f5-241a-40f5-94af-9521714e7036,CLBJ_004.basePlot.vst,11/24/2021,vst_CLBJ_2021,D11,CLBJ,CLBJ_004,40_100,NEON.PLA.D11.CLBJ.03031,1,ok,sapling,Live,,,noChange,0.5,,,,,,Mostly shaded,,1,10,,,,,,,,,,,,0000-0001-5569-8352,0000-0001-9050-1885,1666b7dd-8f48-4235-b83b-7ca714f44970,
4852fc1d-3397-4517-8a19-89af86925d8d,CLBJ_004.basePlot.vst,11/24/2021,vst_CLBJ_2021,D11,CLBJ,CLBJ_004,41_100,NEON.PLA.D11.CLBJ.00123,1,ok,single bole tree,"Live,  other damage",12.7,130,noChange,4.4,,,,3.6,3.1,Partially shaded,,,,,,,,,,,,,,Fire damage,0000-0003-1805-1458,0000-0000-0068-7943,1ad0692e-8d7b-4fe8-aa42-6e0b1e4d0c79,
0db4a7cd-db80-426c-8192-8bc926237ce4,CLBJ_004.basePlot.vst,11/24/2021,vst_CLBJ_2021,D11,CLBJ,CLBJ_004,31_100,NEON.PLA.D11.CLBJ.03029C,4,ok,multi-bole tree,Live,8.7,200,noChange,,,,,,,,,,,,,,,,,,,,,,0000-0001-5569-8352,0000-0001-9050-1885,d87ebec0-7c4a-45a0-8935-7dcfa0bcb5c5,
82149a87-57e1-497e-b4f0-ec3cef73749d,CLBJ_004.basePlot.vst,11/24/2021,vst_CLBJ_2021,D11,CLBJ,CLBJ_004,40_100,NEON.PLA.D11.CLBJ.00279,1,ok,single bole tree,Live,19.1,130,noChange,8.2,,,,7,4.1,Partially shaded,,,,,,,,,,,,,,,0000-0001-5569-8352,0000-0001-9050-1885,d3a43e32-36e6-49cb-8b6b-e15b8d705cbd,
45620f4d-6f3e-4081-a94b-60a6832c6de1,CLBJ_001.basePlot.vst,11/24/2021,vst_CLBJ_2021,D11,CLBJ,CLBJ_001,40_100,NEON.PLA.D11.CLBJ.03015,1,ok,sapling,Live,,,noChange,0.9,,,,,,Full sun,,1.1,10,,,,,,,,,,,,0000-0000-0068-7943,0000-0003-1805-1458,0f262489-38e4-49d4-89a4-a3481c4df272,
580174cb-b6a0-440b-9149-932005a5156f,CLBJ_004.basePlot.vst,11/24/2021,vst_CLBJ_2021,D11,CLBJ,CLBJ_004,40_100,NEON.PLA.D11.CLBJ.02589,1,ok,sapling,Live,,,noChange,0.9,,,,,,Mostly shaded,,1.4,10,,,,,,,,,,,,0000-0003-1805-1458,0000-0000-0068-7943,a887ae9b-19e5-4dd7-a797-475e48cbc9d3,
beaff383-2ce4-4e77-abac-28bf5253e181,CLBJ_004.basePlot.vst,11/24/2021,vst_CLBJ_2021,D11,CLBJ,CLBJ_004,31_100,NEON.PLA.D11.CLBJ.00113,1,,,"Lost, fate unknown",,,noChange,,,,,,,,,,,,,,,,,,,,,Tag found on ground,0000-0001-5569-8352,0000-0001-9050-1885,43075764-d81e-47d8-8758-5f0580404f7e,
9d64403a-49af-41dd-9732-c488a984ef61,CLBJ_004.basePlot.vst,11/24/2021,vst_CLBJ_2021,D11,CLBJ,CLBJ_004,32_100,NEON.PLA.D11.CLBJ.00110,2,ok,sapling,Live,,,noChange,,,,,,,Open grown,,1.3,10,,,,,,,,,,,This qualifying stem was tagged as 111; individual was actually part of individual 110.,0000-0001-5569-8352,0000-0001-9050-1885,e4f1efe6-639b-4f8f-b854-e98cfa1c3253,
abdcfa98-5c22-467e-9ea4-262f1f34963d,CLBJ_004.basePlot.vst,11/24/2021,vst_CLBJ_2021,D11,CLBJ,CLBJ_004,40_100,NEON.PLA.D11.CLBJ.00265,1,,,Downed,,,noChange,,,,,,,,,,,,,,,,,,,,,Fire; Burned through at base,0000-0001-5569-8352,0000-0001-9050-1885,61b5309c-5691-4ede-8f2a-615541ab38be,
07d9308a-6db4-4d5e-a166-9d5a0816a456,CLBJ_004.basePlot.vst,11/24/2021,vst_CLBJ_2021,D11,CLBJ,CLBJ_004,40_100,NEON.PLA.D11.CLBJ.00274,1,ok,multi-bole tree,Live,19.1,130,noChange,6,,,,6.4,5.6,Partially shaded,,,,,,,,,,,,,,,0000-0003-1805-1458,0000-0000-0068-7943,a1ff7dfb-c4cc-41d7-806a-6d3519b818fa,
f0a6620e-fda3-4f34-841b-bc0a0321fb24,CLBJ_004.basePlot.vst,11/24/2021,vst_CLBJ_2021,D11,CLBJ,CLBJ_004,40_100,NEON.PLA.D11.CLBJ.03016,1,ok,sapling,Live,,,noChange,1.4,,,,,,Mostly shaded,,1.9,10,,,,,,,,,,,,0000-0003-1805-1458,0000-0000-0068-7943,9820606e-5935-4ae7-92f3-2d67729a123e,
65cf607c-73f0-47f0-8962-ae2954e4280b,CLBJ_004.basePlot.vst,11/24/2021,vst_CLBJ_2021,D11,CLBJ,CLBJ_004,31_100,NEON.PLA.D11.CLBJ.03029A,2,ok,multi-bole tree,Live,8.7,180,noChange,,,,,,,,,,,,,,,,,,,,,,0000-0001-5569-8352,0000-0001-9050-1885,52275e85-2ba4-4981-967f-91cbb6d0c641,
05f6293c-e675-48b6-aeb3-21fef9f09562,CLBJ_004.basePlot.vst,11/24/2021,vst_CLBJ_2021,D11,CLBJ,CLBJ_004,32_100,NEON.PLA.D11.CLBJ.00110,3,ok,sapling,Live,,,noChange,,,,,,,Open grown,,1.4,10,,,,,,,,,,,,0000-0001-5569-8352,0000-0001-9050-1885,8008d8e7-7ad0-4037-9882-3e587d07ac5b,
8057684d-f98e-4e1e-ac48-2d4d6ead917e,CLBJ_004.basePlot.vst,11/24/2021,vst_CLBJ_2021,D11,CLBJ,CLBJ_004,40_100,NEON.PLA.D11.CLBJ.03030,1,ok,sapling,Live,,,noChange,0.5,,,,,,Mostly shaded,,1.1,10,,,,,,,,,,,,0000-0001-5569-8352,0000-0001-9050-1885,b6e07a2c-4c3c-4970-850f-fa7789c31a60,
a26733fb-5dc2-4afe-b185-66f563811046,CLBJ_035.basePlot.vst,11/29/2021,vst_CLBJ_2021,D11,CLBJ,CLBJ_035,40_100,NEON.PLA.D11.CLBJ.03146,1,ok,sapling,Live,,,noChange,1.2,,,,,,Open grown,,1.3,10,,,,,,,,,,,,0000-0001-7985-6626,0000-0001-9050-1885,c883baee-715d-429e-a642-a89364518494,
dfd3728e-4e50-4f81-b7af-d7cbb30a350f,CLBJ_035.basePlot.vst,11/29/2021,vst_CLBJ_2021,D11,CLBJ,CLBJ_035,41_100,NEON.PLA.D11.CLBJ.01596,1,,,"Lost, presumed dead",,,noChange,,,,,,,,,,,,,,,,,,,,,Unknown,0000-0001-7985-6626,0000-0001-9050-1885,fb56d1a3-dc3c-4f32-b90d-695647715c98,
c72b5ac7-b0d9-4756-8199-3a8721510e99,CLBJ_035.basePlot.vst,11/29/2021,vst_CLBJ_2021,D11,CLBJ,CLBJ_035,41_100,NEON.PLA.D11.CLBJ.03130,1,ok,sapling,Standing dead,,,noChange,1.2,,,,,,Open grown,,1,10,,,,,,,,,,,Fire; Burned through at base,0000-0002-5328-740X,0000-0001-5569-8352,85efc9e7-394e-4340-ad65-36f505e8125f,
a4ee651b-88c3-4a36-bc0b-3229d5e8dc44,CLBJ_035.basePlot.vst,11/29/2021,vst_CLBJ_2021,D11,CLBJ,CLBJ_035,41_100,NEON.PLA.D11.CLBJ.03140,1,ok,sapling,Live,,,noChange,1.6,,,,,,Full sun,,1,10,,,,,,,,,,,,0000-0002-5328-740X,0000-0001-5569-8352,829f2da5-8388-4de1-8ae1-2edc5b9bae15,
4a6518f5-4f81-41e8-9eef-c2dc004ef530,CLBJ_035.basePlot.vst,11/29/2021,vst_CLBJ_2021,D11,CLBJ,CLBJ_035,40_100,NEON.PLA.D11.CLBJ.03144,1,ok,sapling,Live,,,noChange,1.1,,,,,,Open grown,,1.3,10,,,,,,,,,,,Unknown,0000-0001-7985-6626,0000-0001-9050-1885,ede5c731-2064-43a2-939e-f4bef0cebec8,
a91d9b01-1770-4ac2-961e-de4e7a5a95ee,CLBJ_035.basePlot.vst,11/29/2021,vst_CLBJ_2021,D11,CLBJ,CLBJ_035,41_100,NEON.PLA.D11.CLBJ.03200,1,ok,sapling,Live,,,noChange,1.7,,,,,,Full sun,,1.2,10,,,,,,,,,,,,0000-0002-5328-740X,0000-0001-5569-8352,4e709a7b-7295-4db6-b5c8-6f275ee2b964,
119424eb-24d7-41e0-99cc-ed95eeb9eae3,CLBJ_035.basePlot.vst,11/29/2021,vst_CLBJ_2021,D11,CLBJ,CLBJ_035,41_100,NEON.PLA.D11.CLBJ.03145,1,ok,sapling,Live,,,noChange,1.2,,,,,,Full sun,,1,10,,,,,,,,,,,,0000-0002-5328-740X,0000-0001-5569-8352,336440f0-3e5b-4501-89bf-e2a0a4361d8f,
9892e04a-6568-4462-bd41-9ba2807d1b82,CLBJ_035.basePlot.vst,11/29/2021,vst_CLBJ_2021,D11,CLBJ,CLBJ_035,41_100,NEON.PLA.D11.CLBJ.01597,1,,,"Lost, presumed dead",,,noChange,,,,,,,,,,,,,,,,,,,,,Unknown,0000-0001-7985-6626,0000-0001-9050-1885,db579094-160e-4cb6-9dbe-174b39e36dd8,
31014d00-0109-48a4-91f8-3e1b46617bed,CLBJ_035.basePlot.vst,11/29/2021,vst_CLBJ_2021,D11,CLBJ,CLBJ_035,41_100,NEON.PLA.D11.CLBJ.03134,3,ok,sapling,Live,,,noChange,,,,,,,Full sun,,1.2,10,,,,,,,,,,,,0000-0002-5328-740X,0000-0001-5569-8352,d2fa2378-6dbb-4267-8745-9527e0d7c43d,
bb6a6cea-879a-4c67-998d-992844dc8e4a,CLBJ_035.basePlot.vst,11/29/2021,vst_CLBJ_2021,D11,CLBJ,CLBJ_035,41_100,NEON.PLA.D11.CLBJ.03006,1,ok,sapling,Live,,,noChange,1.6,,,,,,Full sun,,1.2,10,,,,,,,,,,,,0000-0002-5328-740X,0000-0001-5569-8352,62022769-4d1c-46fa-8bdc-9908be58fc0b,
25114a6b-eee5-403c-ae7b-9eb1350abc68,CLBJ_035.basePlot.vst,11/29/2021,vst_CLBJ_2021,D11,CLBJ,CLBJ_035,31_100,NEON.PLA.D11.CLBJ.02424,1,,,"Lost, presumed dead",,,noChange,,,,,,,,,,,,,,,,,,,,,Unknown,0000-0001-7985-6626,0000-0001-9050-1885,89b1a635-8a28-4cb3-9b8c-6492fd1e98da,
2525d123-4dcf-46dc-bd2e-2ab244a66eb2,CLBJ_035.basePlot.vst,11/29/2021,vst_CLBJ_2021,D11,CLBJ,CLBJ_035,41_100,NEON.PLA.D11.CLBJ.03129,1,ok,sapling,Live,,,noChange,1.7,,,,,,Full sun,,1.3,10,,,,,,,,,,,,0000-0002-5328-740X,0000-0001-5569-8352,de6a9445-ff72-42c6-a17c-afc64fedcece,
f41a7681-4315-48d1-b503-ecbdf1277ab9,CLBJ_035.basePlot.vst,11/29/2021,vst_CLBJ_2021,D11,CLBJ,CLBJ_035,41_100,NEON.PLA.D11.CLBJ.03005,1,ok,sapling,Live,,,noChange,2,,,,,,Full sun,,1.3,10,,,,,,,,,,,,0000-0002-5328-740X,0000-0001-5569-8352,a7bffecb-40f2-4fc8-94db-5c58768c6e01,
1e0e0e8d-c75b-4f4a-9d71-1ce1d76e360d,CLBJ_035.basePlot.vst,11/29/2021,vst_CLBJ_2021,D11,CLBJ,CLBJ_035,41_100,NEON.PLA.D11.CLBJ.01596,1,,,"Lost, presumed dead",,,noChange,,,,,,,,,,,,,,,,,,,,,Unknown,0000-0001-7985-6626,0000-0001-9050-1885,513b802c-e9b4-4981-a90f-f0dbe288abc0,
ab11416c-f433-499c-a176-8640ac592083,CLBJ_035.basePlot.vst,11/29/2021,vst_CLBJ_2021,D11,CLBJ,CLBJ_035,41_100,NEON.PLA.D11.CLBJ.03007,1,ok,sapling,Live,,,noChange,1.5,,,,,,Full sun,,1,10,,,,,,,,,,,,0000-0002-5328-740X,0000-0001-5569-8352,b2da98f1-f40a-4bc5-bf4d-21e430a654f1,
517f560d-414e-4f0a-a778-b5b73baa9ad4,CLBJ_035.basePlot.vst,11/29/2021,vst_CLBJ_2021,D11,CLBJ,CLBJ_035,41_100,NEON.PLA.D11.CLBJ.03139,1,ok,sapling,Live,1.3,10,noChange,1.9,,,,,,Full sun,,,,,,,,,,,,,,,0000-0002-5328-740X,0000-0001-5569-8352,640299f9-8125-4c99-89a8-10627b8b0298,
1004bdad-92b3-476c-a31a-5787ede1a7cf,CLBJ_035.basePlot.vst,11/29/2021,vst_CLBJ_2021,D11,CLBJ,CLBJ_035,41_100,NEON.PLA.D11.CLBJ.03004,3,ok,sapling,Live,,,noChange,,,,,,,Full sun,,1,10,,,,,,,,,,,,0000-0002-5328-740X,0000-0001-5569-8352,d2b5328c-2366-41e9-8ae2-23838fcc42b0,
031ea87c-059b-4605-a609-f74a8010f887,CLBJ_035.basePlot.vst,11/29/2021,vst_CLBJ_2021,D11,CLBJ,CLBJ_035,41_100,NEON.PLA.D11.CLBJ.03014,1,ok,small shrub,Live,,,noChange,1.2,,,,0.8,0.7,Open grown,inverted cone,1,10,0.1,0.09,,,,,,,,,,0000-0001-7985-6626,0000-0001-9050-1885,a4b1e816-b1a3-4060-81c3-21842fb8e967,
8a1a6313-0add-453e-820b-9cb95ddf5afb,CLBJ_035.basePlot.vst,11/29/2021,vst_CLBJ_2021,D11,CLBJ,CLBJ_035,32_100,NEON.PLA.D11.CLBJ.03196,1,ok,sapling,Standing dead,,,noChange,1.7,,,,0.4,0.3,Open grown,cylinder,2.1,10,,,,,,,,,,,Fire; Burned through at base; still standing,0000-0002-5328-740X,0000-0001-5569-8352,fc3eddff-07f8-4643-b338-6028b96dfcc3,
c0088a27-e1ba-4300-bbe6-f495f9b686bc,CLBJ_035.basePlot.vst,11/29/2021,vst_CLBJ_2021,D11,CLBJ,CLBJ_035,41_100,NEON.PLA.D11.CLBJ.03134,1,ok,sapling,Live,,,noChange,1.8,,,,,,Full sun,,1.4,10,,,,,,,,,,,,0000-0002-5328-740X,0000-0001-5569-8352,e072d334-6638-4474-a42f-10dc83561cbb,
8f373564-247d-4dda-81c9-3b898a72c1cd,CLBJ_035.basePlot.vst,11/29/2021,vst_CLBJ_2021,D11,CLBJ,CLBJ_035,31_100,NEON.PLA.D11.CLBJ.01599,1,,sapling,Downed,,,noChange,,,,,,,,,,,,,,,,,,,,,Other Damage; Bole damage| Fire; Bole scorch,0000-0001-7985-6626,0000-0001-9050-1885,5ac5b0d3-927c-47b5-9b29-863e55a90761,
d031f1cf-8e0c-4142-be09-9b8c6c2be421,CLBJ_035.basePlot.vst,11/29/2021,vst_CLBJ_2021,D11,CLBJ,CLBJ_035,40_100,NEON.PLA.D11.CLBJ.03144,1,,,"Lost, presumed dead",,,noChange,,,,,,,,,,,,,,,,,,,,,Dead; Unknown cause of death; many downed boles but tag was found far from bole base,0000-0001-7985-6626,0000-0001-9050-1885,9ce5ed99-471f-421a-8a20-f848ea2b20b6,
266ef176-1d74-4a6c-b797-c5f7e16ade79,CLBJ_035.basePlot.vst,11/29/2021,vst_CLBJ_2021,D11,CLBJ,CLBJ_035,31_100,NEON.PLA.D11.CLBJ.03128,1,ok,sapling,Live,,,noChange,1.3,,,,,,Full sun,,1,10,,,,,,,,,,,,0000-0001-7985-6626,0000-0001-9050-1885,79dedbd8-5b14-43fa-904a-03620c6909d2,
aa39e95a-9f09-4cd4-91ce-0826d92cc4dd,CLBJ_035.basePlot.vst,11/29/2021,vst_CLBJ_2021,D11,CLBJ,CLBJ_035,41_100,NEON.PLA.D11.CLBJ.03011,1,ok,sapling,Live,,,noChange,1.6,,,,,,Full sun,,1.1,10,,,,,,,,,,,,0000-0002-5328-740X,0000-0001-5569-8352,40625ff6-71e3-4551-9bcb-ffd66d0ff949,
519c1750-185a-47a1-881b-dc2ef4987a3c,CLBJ_035.basePlot.vst,11/29/2021,vst_CLBJ_2021,D11,CLBJ,CLBJ_035,31_100,NEON.PLA.D11.CLBJ.03126,1,ok,sapling,Live,,,noChange,1.1,,,,,,Full sun,,1.3,10,,,,,,,,,,,,0000-0001-7985-6626,0000-0001-9050-1885,c01c5aab-f9ad-4e4a-b5b9-6a4eaab1db96,
9c4a743b-042a-41f8-a4d4-f5a0a7fe9c17,CLBJ_035.basePlot.vst,11/29/2021,vst_CLBJ_2021,D11,CLBJ,CLBJ_035,41_100,NEON.PLA.D11.CLBJ.03129,2,ok,sapling,Live,,,noChange,,,,,,,Full sun,,1,10,,,,,,,,,,,,0000-0002-5328-740X,0000-0001-5569-8352,f2d8d0d7-0cef-484b-a2bc-9df3a0d58d01,
5af68529-588d-4c23-b9b8-ca7f754098d3,CLBJ_035.basePlot.vst,11/29/2021,vst_CLBJ_2021,D11,CLBJ,CLBJ_035,31_100,NEON.PLA.D11.CLBJ.02425,1,,,"Lost, presumed dead",,,noChange,,,,,,,,,,,,,,,,,,,,,Unknown,0000-0001-7985-6626,0000-0001-9050-1885,5cb63b41-3b95-4c91-a9ac-b4545f1969f4,
45766fc0-7316-4440-8b5f-dc94bf004209,CLBJ_035.basePlot.vst,11/29/2021,vst_CLBJ_2021,D11,CLBJ,CLBJ_035,41_100,NEON.PLA.D11.CLBJ.03137,2,ok,sapling,Live,,,noChange,,,,,,,Full sun,,1,10,,,,,,,,,,,,0000-0002-5328-740X,0000-0001-5569-8352,89d01df4-1d27-42cd-a24e-03a13dacf049,
c6c476be-54a1-409c-9c41-dab762c5dab5,CLBJ_035.basePlot.vst,11/29/2021,vst_CLBJ_2021,D11,CLBJ,CLBJ_035,41_100,NEON.PLA.D11.CLBJ.03012,1,ok,sapling,Live,,,noChange,1.6,,,,,,Full sun,,1.1,10,,,,,,,,,,,,0000-0002-5328-740X,0000-0001-5569-8352,dd173a61-6d38-4c14-8599-10f175dbf1e7,
c480731d-bfd6-40f1-944d-dcb3ba3c3ef7,CLBJ_035.basePlot.vst,11/29/2021,vst_CLBJ_2021,D11,CLBJ,CLBJ_035,41_100,NEON.PLA.D11.CLBJ.03003,1,ok,sapling,Live,,,noChange,2,,,,,,Full sun,,1.1,10,,,,,,,,,,,,0000-0002-5328-740X,0000-0001-5569-8352,98429f38-4395-465c-b8fe-ca4cc1c3f816,
40a863c6-16c1-45f9-8222-e41396569dca,CLBJ_035.basePlot.vst,11/29/2021,vst_CLBJ_2021,D11,CLBJ,CLBJ_035,41_100,NEON.PLA.D11.CLBJ.02419,1,,,Downed,,,noChange,,,,,,,,,,,,,,,,,,,,,Dead; Presumed dead in blowdown event,0000-0001-7985-6626,0000-0001-9050-1885,8e8074c7-73b1-4304-b51f-6ca5c91ce4b8,
7c604f35-e9b6-410f-8229-c6b80d182061,CLBJ_035.basePlot.vst,11/29/2021,vst_CLBJ_2021,D11,CLBJ,CLBJ_035,41_100,NEON.PLA.D11.CLBJ.03009,1,ok,sapling,Live,,,noChange,1.9,,,,,,Full sun,,1.5,10,,,,,,,,,,,,0000-0002-5328-740X,0000-0001-5569-8352,8260ad0b-af78-4ece-bb3d-2ae67ef31d3c,
8c2c361c-c2d9-4277-96d1-b12a3b1173a8,CLBJ_035.basePlot.vst,11/29/2021,vst_CLBJ_2021,D11,CLBJ,CLBJ_035,41_100,NEON.PLA.D11.CLBJ.03004,2,ok,sapling,Live,,,noChange,,,,,,,Full sun,,1.3,10,,,,,,,,,,,,0000-0002-5328-740X,0000-0001-5569-8352,44060217-1d3b-4a69-ae8b-b1ebf6ffb6dd,
7c41577e-5649-4c4e-a6c1-c0ff0f154fa0,CLBJ_035.basePlot.vst,11/29/2021,vst_CLBJ_2021,D11,CLBJ,CLBJ_035,41_100,NEON.PLA.D11.CLBJ.03136,1,ok,sapling,Live,,,noChange,1.8,,,,,,Full sun,,1.3,10,,,,,,,,,,,,0000-0002-5328-740X,0000-0001-5569-8352,8299a271-3861-4c3c-b0ad-95faf7f5adc8,
b52d6002-51ee-45d0-b710-06ce9538769e,CLBJ_035.basePlot.vst,11/29/2021,vst_CLBJ_2021,D11,CLBJ,CLBJ_035,41_100,NEON.PLA.D11.CLBJ.03134,2,ok,sapling,Live,,,noChange,,,,,,,Full sun,,1.2,10,,,,,,,,,,,,0000-0002-5328-740X,0000-0001-5569-8352,dabb88c3-9820-468f-b545-fef3b1c1e68b,
45645ff8-a7b1-450f-884c-0263e634eb92,CLBJ_035.basePlot.vst,11/29/2021,vst_CLBJ_2021,D11,CLBJ,CLBJ_035,31_100,NEON.PLA.D11.CLBJ.02420,1,,,"Lost, presumed dead",,,noChange,,,,,,,,,,,,,,,,,,,,,Unknown,0000-0001-7985-6626,0000-0001-9050-1885,a6259714-ebcf-418f-aa7a-b8da82581de0,
6264194a-e2f9-4f8a-b74b-86115f2436d0,CLBJ_035.basePlot.vst,11/29/2021,vst_CLBJ_2021,D11,CLBJ,CLBJ_035,41_100,NEON.PLA.D11.CLBJ.03133,1,ok,sapling,Live,,,noChange,1.6,,,,,,Full sun,,1,10,,,,,,,,,,,,0000-0002-5328-740X,0000-0001-5569-8352,05b2d830-3a3e-4d39-85a0-9e62b69840da,
e7ac6436-7edf-494f-b10d-e863d1dba0ff,CLBJ_035.basePlot.vst,11/29/2021,vst_CLBJ_2021,D11,CLBJ,CLBJ_035,41_100,NEON.PLA.D11.CLBJ.03132,1,ok,sapling,Standing dead,,,noChange,0.7,,,,0.5,0.3,Open grown,cylinder,1.6,10,,,,,,,,,,,Fire; Burned through at base; bole still standing,0000-0002-5328-740X,0000-0001-5569-8352,a28338c4-fa41-4bb4-b867-d791c69b71cd,
3b028526-a3f5-40ed-a0bd-c97ceee8963d,CLBJ_035.basePlot.vst,11/29/2021,vst_CLBJ_2021,D11,CLBJ,CLBJ_035,31_100,NEON.PLA.D11.CLBJ.03126,2,ok,sapling,Live,,,noChange,,,,,,,Full sun,,1.1,10,,,,,,,,,,,,0000-0001-7985-6626,0000-0001-9050-1885,03b88372-ff51-4ab6-a2b3-60afd520bf7f,
28c5fe6b-0161-4dd1-9bc3-4c15a38ace50,CLBJ_035.basePlot.vst,11/29/2021,vst_CLBJ_2021,D11,CLBJ,CLBJ_035,31_100,NEON.PLA.D11.CLBJ.03127,1,ok,sapling,Live,,,noChange,1.2,,,,,,Full sun,,1.1,10,,,,,,,,,,,,0000-0001-7985-6626,0000-0001-9050-1885,c9530058-eccd-40aa-9163-6a8a6fb73b21,
2dd8c29a-838e-427f-98e7-f8df27528978,CLBJ_035.basePlot.vst,11/29/2021,vst_CLBJ_2021,D11,CLBJ,CLBJ_035,41_100,NEON.PLA.D11.CLBJ.03137,1,ok,sapling,Live,,,noChange,1.7,,,,,,Full sun,,1.6,10,,,,,,,,,,,,0000-0002-5328-740X,0000-0001-5569-8352,20dd58f0-e5d3-48b2-b10a-c61c33b29705,
024fda25-2292-491d-8a08-55cbe3acdee9,CLBJ_035.basePlot.vst,11/29/2021,vst_CLBJ_2021,D11,CLBJ,CLBJ_035,31_100,NEON.PLA.D11.CLBJ.03131,1,ok,sapling,Standing dead,,,noChange,1.3,,,,,,Open grown,,1.1,10,,,,,,,,,,,Other Damage; Bole damage,0000-0001-7985-6626,0000-0001-9050-1885,a672035c-a60a-4f99-89a0-eccd720342fe,
a232cd9f-1c9d-4fe3-8416-05a91032a19b,CLBJ_035.basePlot.vst,11/29/2021,vst_CLBJ_2021,D11,CLBJ,CLBJ_035,41_100,NEON.PLA.D11.CLBJ.03143,1,ok,sapling,Live,,,noChange,1.1,,,,,,Full sun,,1,10,,,,,,,,,,,,0000-0002-5328-740X,0000-0001-5569-8352,134a4280-c52f-41c9-9b3f-260770255293,
91526ea1-35bd-46de-afae-03b96e16993b,CLBJ_035.basePlot.vst,11/29/2021,vst_CLBJ_2021,D11,CLBJ,CLBJ_035,41_100,NEON.PLA.D11.CLBJ.03138,1,ok,sapling,Live,,,noChange,1.7,,,,,,Full sun,,1,10,,,,,,,,,,,,0000-0002-5328-740X,0000-0001-5569-8352,7d88ba20-b5be-439f-bace-c4b76161885c,
1b16ea78-0159-462f-b1bb-a45d75940702,CLBJ_035.basePlot.vst,11/29/2021,vst_CLBJ_2021,D11,CLBJ,CLBJ_035,41_100,NEON.PLA.D11.CLBJ.03142,1,ok,sapling,Live,,,noChange,1.2,,,,,,Full sun,,1.2,10,,,,,,,,,,,,0000-0002-5328-740X,0000-0001-5569-8352,fe0d4298-c6f3-4bf2-8f24-064342c43442,
00937286-e1ff-4ecf-900a-f46714d11662,CLBJ_035.basePlot.vst,11/29/2021,vst_CLBJ_2021,D11,CLBJ,CLBJ_035,41_100,NEON.PLA.D11.CLBJ.03135,1,ok,sapling,Live,,,noChange,1.7,,,,,,Full sun,,1.1,10,,,,,,,,,,,,0000-0002-5328-740X,0000-0001-5569-8352,98807426-3917-4f9b-9ce9-0fb621993f05,
f5635c04-3aae-4fbb-9d5e-8e9c6e2cdd56,CLBJ_035.basePlot.vst,11/29/2021,vst_CLBJ_2021,D11,CLBJ,CLBJ_035,41_100,NEON.PLA.D11.CLBJ.03141,1,ok,sapling,Live,,,noChange,1.3,,,,,,Full sun,,1,10,,,,,,,,,,,,0000-0002-5328-740X,0000-0001-5569-8352,3808b232-39a2-4143-a10b-17ea06d41c7d,
8a75cc5b-481b-4e3c-92ae-70770709e1c5,CLBJ_035.basePlot.vst,11/29/2021,vst_CLBJ_2021,D11,CLBJ,CLBJ_035,41_100,NEON.PLA.D11.CLBJ.03010,1,ok,sapling,Live,,,noChange,1.4,,,,,,Full sun,,1,10,,,,,,,,,,,,0000-0002-5328-740X,0000-0001-5569-8352,87ef07c2-0bd7-437d-a3cf-944e8dacde68,
d0687343-f269-4bc8-bcca-7afee81d8d9f,CLBJ_035.basePlot.vst,11/29/2021,vst_CLBJ_2021,D11,CLBJ,CLBJ_035,41_100,NEON.PLA.D11.CLBJ.03004,1,ok,sapling,Live,,,noChange,1.8,,,,,,Full sun,,1.3,10,,,,,,,,,,,,0000-0002-5328-740X,0000-0001-5569-8352,9507faa1-9cf8-4978-aeb2-409125d057ac,
f9bcd994-0cc8-4c70-a789-0d02a3c19f21,CLBJ_035.basePlot.vst,11/29/2021,vst_CLBJ_2021,D11,CLBJ,CLBJ_035,31_100,NEON.PLA.D11.CLBJ.01598,1,,,"Lost, presumed dead",,,noChange,,,,,,,,,,,,,,,,,,,,,Unknown,0000-0001-7985-6626,0000-0001-9050-1885,8700d162-c802-425a-a435-92d78c198e84,
9864744d-a839-4b40-8c4a-9fda53849cf0,CLBJ_002.basePlot.vst,11/30/2021,vst_CLBJ_2021,D11,CLBJ,CLBJ_002,31_10_4,NEON.PLA.D11.CLBJ.00683,1,ok,sapling,"Live, broken bole",,,noChange,1.3,,,,,,Full shade,,2.2,10,,,,,,,,,,,Physical; Crushed,0000-0003-1244-0815,0000-0003-0674-5356,6b3959b6-2ee5-4957-9790-f84267746d51,
7e747527-820d-422f-8611-321d1fee465f,CLBJ_002.basePlot.vst,11/30/2021,vst_CLBJ_2021,D11,CLBJ,CLBJ_002,40_100,NEON.PLA.D11.CLBJ.01451,1,ok,single bole tree,Live,30.5,130,noChange,11.4,,,,6.3,5.3,Partially shaded,,,,,,,,,,,,,,,0000-0001-7985-6626,0000-0001-5569-8352,caab401a-c239-477b-a5c8-ce1504f567b4,
5e54fe78-fa5b-43b9-971f-dc72c11feb13,CLBJ_002.basePlot.vst,11/30/2021,vst_CLBJ_2021,D11,CLBJ,CLBJ_002,unknown_100,NEON.PLA.D11.CLBJ.01201,1,ok,liana,Live,1.6,130,noChange,,,,,,,,,,,,,,,,,,,,,,0000-0003-1244-0815,0000-0003-0674-5356,e13a780d-c004-4fa4-9284-17691c7c6371,
7a526e48-6770-4efa-a6a7-895b106ab29b,CLBJ_002.basePlot.vst,11/30/2021,vst_CLBJ_2021,D11,CLBJ,CLBJ_002,32_100,NEON.PLA.D11.CLBJ.01214,1,ok,single bole tree,"Dead, broken bole",19.8,130,noChange,2.9,,2.9,15.7,,,Mostly shaded,,,,,,,,,,,,,,Abiotic factors,0000-0003-1244-0815,0000-0003-0674-5356,81a73616-5110-4309-81ab-663f3708b6d2,
e7d3e3b3-9fdc-4222-b504-6f82ea91df1b,CLBJ_002.basePlot.vst,11/30/2021,vst_CLBJ_2021,D11,CLBJ,CLBJ_002,31_10_1,NEON.PLA.D11.CLBJ.00685,1,ok,sapling,"Dead, broken bole",,,noChange,2,,,,,,Full sun,,2.3,10,,,,,,,,,,,Physical; Crushed,0000-0003-1244-0815,0000-0003-0674-5356,1f309ddd-1300-4ea9-a7ea-b592ec18a58d,
5344e66b-bdff-4e12-9edf-05ffcded2803,CLBJ_002.basePlot.vst,11/30/2021,vst_CLBJ_2021,D11,CLBJ,CLBJ_002,32_100,NEON.PLA.D11.CLBJ.03199,1,ok,single bole tree,Live,11,130,noChange,4.5,,,,3.8,2.4,Partially shaded,,,,,,,,,,,,,,,0000-0003-1244-0815,0000-0003-0674-5356,48f2d934-e2e7-4b8f-b637-bb7520a1675f,
06a674c8-1e07-4cbb-af83-386400590f18,CLBJ_002.basePlot.vst,11/30/2021,vst_CLBJ_2021,D11,CLBJ,CLBJ_002,32_100,NEON.PLA.D11.CLBJ.01204,1,ok,liana,Live,2.3,130,noChange,,,,,,,,,,,,,,,,,,,,,,0000-0003-1244-0815,0000-0003-0674-5356,08f53cb1-df05-467a-9620-e3ed7e66434e,
cc752992-7142-4b45-8c19-0f64864300eb,CLBJ_002.basePlot.vst,11/30/2021,vst_CLBJ_2021,D11,CLBJ,CLBJ_002,31_100,NEON.PLA.D11.CLBJ.00679,2,ok,liana,"Live, physically damaged",1.8,130,noChange,,,,,,,,,,,,,,,,,,,,,Physical; Crushed,0000-0003-1244-0815,0000-0003-0674-5356,306152b9-9e56-4a6f-a568-ae72ec9a8322,
da928c43-6659-43f4-87c6-dcc3e8582878,CLBJ_002.basePlot.vst,11/30/2021,vst_CLBJ_2021,D11,CLBJ,CLBJ_002,40_100,NEON.PLA.D11.CLBJ.01233,1,,,Downed,,,noChange,,,,,,,,,,,,,,,,,,,,,Individual downed due to wind damage,0000-0001-7985-6626,0000-0001-5569-8352,194f90b4-6bcb-492a-8f79-570a98139228,
b5699cae-1b14-4cfe-99f6-db43ef661629,CLBJ_002.basePlot.vst,11/30/2021,vst_CLBJ_2021,D11,CLBJ,CLBJ_002,32_100,NEON.PLA.D11.CLBJ.01215,1,ok,liana,Live,4.4,130,noChange,,,,,,,,,,,,,,,,,,,,,,0000-0003-1244-0815,0000-0003-0674-5356,7c5b84bf-2727-4081-a0dd-455462d56bbb,
82b14a7b-7044-4b61-91f8-2b27b8b46507,CLBJ_002.basePlot.vst,11/30/2021,vst_CLBJ_2021,D11,CLBJ,CLBJ_002,unknown_10_unknown,NEON.PLA.D11.CLBJ.00690,1,ok,sapling,Live,,,noChange,2.1,,,,,,Full sun,,1.5,10,,,,,,,,,,,,0000-0003-1244-0815,0000-0003-0674-5356,f4d946e0-5680-4056-acb3-9c1d86dbd8d3,
9133d13d-60b7-4ffa-9b40-8a4699d5d928,CLBJ_002.basePlot.vst,11/30/2021,vst_CLBJ_2021,D11,CLBJ,CLBJ_002,31_10_4,NEON.PLA.D11.CLBJ.03150,1,ok,small tree,"Live, broken bole",1.1,130,noChange,1.7,,0.2,2,,,Full shade,,,,,,,,,,,,,,Broken Bole; Crushed,0000-0003-1244-0815,0000-0003-0674-5356,9f87c39d-3d39-4b2a-b089-ed66c25e85a4,
052e01c5-ca15-41cb-a991-9fd403e48524,CLBJ_002.basePlot.vst,11/30/2021,vst_CLBJ_2021,D11,CLBJ,CLBJ_002,31_10_4,NEON.PLA.D11.CLBJ.00692,1,ok,small tree,"Live, physically damaged",1.1,130,noChange,1.1,,,,1.5,0.9,Full shade,,,,,,,,,,,,,,Physical; Crushed. Individual leaning >45 but alive,0000-0003-1244-0815,0000-0003-0674-5356,35d2796a-dafc-4b87-bb5b-f9aedbb0c383,
fd085025-68ac-4b29-bdab-3e2e6a7f875c,CLBJ_002.basePlot.vst,11/30/2021,vst_CLBJ_2021,D11,CLBJ,CLBJ_002,32_100,NEON.PLA.D11.CLBJ.01212,1,ok,single bole tree,Standing dead,48.2,130,noChange,11.4,,,,5.4,4.1,Full sun,,,,,,,,,,,,,,Abiotic factors,0000-0003-1244-0815,0000-0003-0674-5356,4b3f5159-4689-4633-b95c-69cf1de758c0,
10ab0984-ae58-478f-9b15-c8bec6f04f2f,CLBJ_002.basePlot.vst,11/30/2021,vst_CLBJ_2021,D11,CLBJ,CLBJ_002,32_100,NEON.PLA.D11.CLBJ.00333,1,ok,liana,Live,2.5,130,noChange,,,,,,,,,,,,,,,,,,,,,,0000-0003-1244-0815,0000-0003-0674-5356,9019844c-b712-4447-bcec-5a7bfabc19f3,
af1edba7-031b-4571-b20c-50911fcc49b8,CLBJ_002.basePlot.vst,11/30/2021,vst_CLBJ_2021,D11,CLBJ,CLBJ_002,32_100,NEON.PLA.D11.CLBJ.01220A,2,ok,multi-bole tree,"Live, physically damaged",23,130,noChange,,,,,,,,,,,,,,,,,,,,,Unknown,0000-0003-1244-0815,0000-0003-0674-5356,88512480-f423-47ad-a7d0-59a0daa775b6,
65b683f7-2ced-47f1-b2d7-a3c6fbe7d882,CLBJ_002.basePlot.vst,11/30/2021,vst_CLBJ_2021,D11,CLBJ,CLBJ_002,40_10_1,NEON.PLA.D11.CLBJ.01243,1,ok,sapling,Live,,,noChange,1,,,,,,Partially shaded,,1.7,10,,,,,,,,,,,,0000-0001-7985-6626,0000-0001-5569-8352,0efad463-df38-4a18-ae7c-9ade0e349a9c,
98475e44-0a56-4eff-a0a4-d497db092dd0,CLBJ_002.basePlot.vst,11/30/2021,vst_CLBJ_2021,D11,CLBJ,CLBJ_002,32_10_4,NEON.PLA.D11.CLBJ.02714,1,ok,sapling,"Live, broken bole",,,noChange,4.9,,,,,,Mostly shaded,,1.1,11,,,,,,,,,,,Physical; Other broken hole,0000-0003-1244-0815,0000-0003-0674-5356,37fb20ba-b18f-4ce9-9dc5-322de79554f8,
665f494c-1233-4a2d-83e1-a05dc512451a,CLBJ_002.basePlot.vst,11/30/2021,vst_CLBJ_2021,D11,CLBJ,CLBJ_002,unknown_10_unknown,NEON.PLA.D11.CLBJ.02510,1,ok,small tree,"Live, physically damaged",3.7,132,noChange,2.3,,,,4.1,0.6,Full shade,,,,,,,,,,,,,,Physical; Crown damage,0000-0003-1244-0815,0000-0003-0674-5356,c14515fd-3c32-4168-8bd8-134cad8de6e5,
52488e56-9346-4bcc-8879-fce2b70c78bc,CLBJ_002.basePlot.vst,11/30/2021,vst_CLBJ_2021,D11,CLBJ,CLBJ_002,40_100,NEON.PLA.D11.CLBJ.01209,1,ok,liana,Live,2.8,130,noChange,,,,,,,,,,,,,,,,,,,,,,0000-0001-7985-6626,0000-0001-5569-8352,b3d06a3a-085e-438b-8aca-f43b4d06b2ed,
618915af-cf55-4bdc-94bf-f39f0113c795,CLBJ_002.basePlot.vst,11/30/2021,vst_CLBJ_2021,D11,CLBJ,CLBJ_002,32_10_4,NEON.PLA.D11.CLBJ.01217,1,ok,sapling,Live,,,noChange,2.6,,,,,,Partially shaded,,1.7,10,,,,,,,,,,,,0000-0003-1244-0815,0000-0003-0674-5356,831a1d8d-f621-4214-ae1f-895536c994aa,
56ee28fa-175a-4b0d-b7ef-4b3681e5bbef,CLBJ_002.basePlot.vst,11/30/2021,vst_CLBJ_2021,D11,CLBJ,CLBJ_002,31_100,NEON.PLA.D11.CLBJ.00677,2,ok,multi-bole tree,Live,18.1,180,noChange,,,,,,,,,,,,,,,,,,,,,Change measurement height so technicians can reach,0000-0003-1244-0815,0000-0003-0674-5356,df594cb9-640c-43e5-b2a5-29294e28b301,
4f241000-2fe7-48ec-9cbb-f001be5866c4,CLBJ_002.basePlot.vst,11/30/2021,vst_CLBJ_2021,D11,CLBJ,CLBJ_002,32_100,NEON.PLA.D11.CLBJ.03148,2,ok,liana,Live,1,130,noChange,,,,,,,,,,,,,,,,,,,,,,0000-0003-1244-0815,0000-0003-0674-5356,f29b5b5d-33b9-492d-a748-69bfd6388b0f,
ae05e7c7-c1a7-466e-ae15-cdaa49bcfc62,CLBJ_002.basePlot.vst,11/30/2021,vst_CLBJ_2021,D11,CLBJ,CLBJ_002,41_10_1,NEON.PLA.D11.CLBJ.03205,1,ok,small tree,Live,1.2,130,noChange,2.4,,,,1.3,0.9,Mostly shaded,,,,,,,,,,,,,,,0000-0001-7985-6626,0000-0001-5569-8352,cf21ad02-828e-4550-82ed-dbcf761e70b5,
857df2ad-df86-4718-b335-3135122e7a3b,CLBJ_002.basePlot.vst,11/30/2021,vst_CLBJ_2021,D11,CLBJ,CLBJ_002,40_10_3,NEON.PLA.D11.CLBJ.01242,1,ok,sapling,Live,,,noChange,1.3,,,,,,Partially shaded,,1.4,10,,,,,,,,,,,,0000-0001-7985-6626,0000-0001-5569-8352,1559f8aa-0b13-461f-96f7-6af700c957ab,
eac184eb-59d2-4212-a309-a142e1cf128d,CLBJ_002.basePlot.vst,11/30/2021,vst_CLBJ_2021,D11,CLBJ,CLBJ_002,41_10_4,NEON.PLA.D11.CLBJ.01435,1,ok,sapling,Live,,,noChange,1.9,,,,,,Partially shaded,,2.9,10,,,,,,,,,,,,0000-0001-7985-6626,0000-0001-5569-8352,5a88c135-021b-46a2-8107-6801b0ba1cd2,
cb38ca66-1119-495e-aeae-5efda3b528bc,CLBJ_002.basePlot.vst,11/30/2021,vst_CLBJ_2021,D11,CLBJ,CLBJ_002,41_100,NEON.PLA.D11.CLBJ.01441,1,ok,liana,Live,1.5,130,noChange,,,,,,,,,,,,,,,,,,,,,,0000-0001-7985-6626,0000-0001-5569-8352,a969cbc0-cf32-4884-90d9-0e1400dcb3bf,
1a6b3b9a-ca64-4d81-b59c-1f4848d7b66d,CLBJ_002.basePlot.vst,11/30/2021,vst_CLBJ_2021,D11,CLBJ,CLBJ_002,41_100,NEON.PLA.D11.CLBJ.01442,1,ok,liana,Live,6.9,130,noChange,,,,,,,,,,,,,,,,,,,,,,0000-0001-7985-6626,0000-0001-5569-8352,c998aa10-e464-4603-afa4-47018dd7a8d7,
98645a09-2e0a-487c-a941-1e44305518b9,CLBJ_002.basePlot.vst,11/30/2021,vst_CLBJ_2021,D11,CLBJ,CLBJ_002,40_100,NEON.PLA.D11.CLBJ.01232,1,,,Downed,,,noChange,,,,,,,,,,,,,,,,,,,,,Broken Bole; Windfall; bole is wet rotten at base from litter with potential for regrowth,0000-0001-7985-6626,0000-0001-5569-8352,99c18803-e18d-409e-b25b-80b9f7a76227,
a99e1cca-54b9-4810-b045-ac2a29564f99,CLBJ_002.basePlot.vst,11/30/2021,vst_CLBJ_2021,D11,CLBJ,CLBJ_002,unknown_100,NEON.PLA.D11.CLBJ.01205,2,ok,liana,Live,1.1,130,noChange,,,,,,,,,,,,,,,,,,,,,,0000-0003-1244-0815,0000-0003-0674-5356,c792dae7-7caf-41af-8c57-26bf575e78f7,
ef5a3abb-0f42-426c-b6d1-711e41a96188,CLBJ_002.basePlot.vst,11/30/2021,vst_CLBJ_2021,D11,CLBJ,CLBJ_002,32_100,NEON.PLA.D11.CLBJ.03147,1,ok,liana,Live,1.2,130,noChange,,,,,,,,,,,,,,,,,,,,,,0000-0003-1244-0815,0000-0003-0674-5356,53d47ced-e0a8-483d-9e1f-8b12c01441c3,
a76b6f1f-e9e4-4ef8-9b19-d6aab088dd39,CLBJ_002.basePlot.vst,11/30/2021,vst_CLBJ_2021,D11,CLBJ,CLBJ_002,31_10_4,NEON.PLA.D11.CLBJ.00688,1,ok,sapling,"Live, broken bole",,,noChange,2.3,,,,,,Full shade,,5.1,10,,,,,,,,,,,Main bole broken with new growth sprouting,0000-0003-1244-0815,0000-0003-0674-5356,7b26c697-7d17-477e-9046-a466a8e666de,
be15e78a-056a-4e24-b51a-3a7611c7010b,CLBJ_002.basePlot.vst,11/30/2021,vst_CLBJ_2021,D11,CLBJ,CLBJ_002,unknown_100,NEON.PLA.D11.CLBJ.01202,1,ok,liana,Live,1.7,130,noChange,,,,,,,,,,,,,,,,,,,,,,0000-0003-1244-0815,0000-0003-0674-5356,644d387a-d3e3-4f66-8dc7-9e9b497064d4,
2191bd18-6b51-40e8-a290-6f29c31b1926,CLBJ_002.basePlot.vst,11/30/2021,vst_CLBJ_2021,D11,CLBJ,CLBJ_002,32_10_2,NEON.PLA.D11.CLBJ.03197,1,ok,sapling,Live,,,noChange,1.6,,,,,,Mostly shaded,,1.3,10,,,,,,,,,,,,0000-0003-1244-0815,0000-0003-0674-5356,3856ffc8-6246-4a01-9815-70e9e3b5c17a,
38921c43-91e5-449b-8730-df6c152eacda,CLBJ_002.basePlot.vst,11/30/2021,vst_CLBJ_2021,D11,CLBJ,CLBJ_002,40_10_3,NEON.PLA.D11.CLBJ.01234,1,ok,small tree,Live,2.8,130,noChange,2.8,,,,2,1.7,Mostly shaded,,,,,,,,,,,,,,,0000-0001-7985-6626,0000-0001-5569-8352,bda8c12c-1ac6-4845-b309-c0f4da8bfb23,
fc2d472f-8a53-48c4-9e5e-4b9e33d66014,CLBJ_002.basePlot.vst,11/30/2021,vst_CLBJ_2021,D11,CLBJ,CLBJ_002,41_10_4,NEON.PLA.D11.CLBJ.03206,1,ok,sapling,Live,,,noChange,0.7,,,,,,Full shade,,1.1,10,,,,,,,,,,,,0000-0001-7985-6626,0000-0001-5569-8352,5b474b8d-d584-44c3-97a0-ed453c1a467a,
d7d57ef1-72d0-4724-b6a1-d43549c2abe1,CLBJ_002.basePlot.vst,11/30/2021,vst_CLBJ_2021,D11,CLBJ,CLBJ_002,41_100,NEON.PLA.D11.CLBJ.01437,1,ok,single bole tree,Live,28.9,130,noChange,8.6,,,,6.5,5.7,Full sun,,,,,,,,,,,,,,,0000-0001-7985-6626,0000-0001-5569-8352,1cff8c7b-daba-431b-8708-2df1bf16ee44,
9b4d027b-50aa-4e72-9f2b-6c873d8b7f0f,CLBJ_002.basePlot.vst,11/30/2021,vst_CLBJ_2021,D11,CLBJ,CLBJ_002,40_100,NEON.PLA.D11.CLBJ.03204,1,ok,liana,Live,1.3,130,noChange,,,,,,,,,,,,,,,,,,,,,,0000-0001-7985-6626,0000-0001-5569-8352,a27c4a96-1d3c-41c1-92d9-e7cdd6490d35,
dbfa7bc8-d51b-4eae-aa45-f80525cb83ae,CLBJ_002.basePlot.vst,11/30/2021,vst_CLBJ_2021,D11,CLBJ,CLBJ_002,32_10_2,NEON.PLA.D11.CLBJ.03197,1,ok,sapling,Standing dead,,,noChange,1.6,,,,,,Mostly shaded,,1.3,10,,,,,,,,,,,Unknown,0000-0003-1244-0815,0000-0003-0674-5356,07b0b4b4-ef27-437a-874e-290fd5f6e337,
af352808-7aba-4a97-ab8e-40d1b013c567,CLBJ_002.basePlot.vst,11/30/2021,vst_CLBJ_2021,D11,CLBJ,CLBJ_002,unknown_100,NEON.PLA.D11.CLBJ.01205,3,ok,liana,Live,1.2,130,noChange,,,,,,,,,,,,,,,,,,,,,,0000-0003-1244-0815,0000-0003-0674-5356,b62bc2c3-af5e-4326-b242-5c2edd76a177,
7e13a74e-fea9-4a04-8817-eb9f91469a14,CLBJ_002.basePlot.vst,11/30/2021,vst_CLBJ_2021,D11,CLBJ,CLBJ_002,40_10_1,NEON.PLA.D11.CLBJ.01243,2,ok,sapling,Live,,,noChange,,,,,,,Partially shaded,,1.3,10,,,,,,,,,,,,0000-0001-7985-6626,0000-0001-5569-8352,069654dd-2d79-47e5-92f0-bde7be0cd7ff,
3713a5b8-9b5b-4307-b814-e22c8a368c3d,CLBJ_002.basePlot.vst,11/30/2021,vst_CLBJ_2021,D11,CLBJ,CLBJ_002,40_10_3,NEON.PLA.D11.CLBJ.03202,1,ok,sapling,Live,,,noChange,2.1,,,,,,Full shade,,1.2,10,,,,,,,,,,,,0000-0001-7985-6626,0000-0001-5569-8352,0b6966f5-b1a4-4538-9814-e21498da5686,
6b5134d1-f979-462c-91fa-b08341586c80,CLBJ_002.basePlot.vst,11/30/2021,vst_CLBJ_2021,D11,CLBJ,CLBJ_002,31_100,NEON.PLA.D11.CLBJ.03149,1,ok,liana,Live,1.1,130,noChange,,,,,,,,,,,,,,,,,,,,,,0000-0003-1244-0815,0000-0003-0674-5356,a266fc58-17d1-45ab-8b1e-6f562e49348d,
b43f86c3-55be-4e55-8ed2-a24116f6943d,CLBJ_002.basePlot.vst,11/30/2021,vst_CLBJ_2021,D11,CLBJ,CLBJ_002,31_100,NEON.PLA.D11.CLBJ.00676,1,ok,single bole tree,Live,12.7,130,noChange,6.1,,,,3.3,3.1,Mostly shaded,,,,,,,,,,,,,,Should be ULCR,0000-0003-1244-0815,0000-0003-0674-5356,fc96ac7b-a7b5-4da3-9c25-5b611ea57508,
1d6637fc-67fd-468f-8c70-1f4d84c9b77c,CLBJ_002.basePlot.vst,11/30/2021,vst_CLBJ_2021,D11,CLBJ,CLBJ_002,41_10_1,NEON.PLA.D11.CLBJ.01439,1,ok,small tree,Live,8.1,130,noChange,4.5,,,,4,3.2,Mostly shaded,,,,,,,,,,,,,,,0000-0001-7985-6626,0000-0001-5569-8352,4b85966d-7171-457e-a902-08a645f19944,
c6302295-5c5f-4370-9d43-6ccf7f8584b4,CLBJ_002.basePlot.vst,11/30/2021,vst_CLBJ_2021,D11,CLBJ,CLBJ_002,41_100,NEON.PLA.D11.CLBJ.01438,1,ok,single bole tree,Live,11,130,noChange,4.2,,,,3.8,1.8,Mostly shaded,,,,,,,,,,,,,,,0000-0001-7985-6626,0000-0001-5569-8352,9ab396e3-4b1d-4dd1-bdfd-49182bcabe33,
8d81ca3f-e07c-4688-beed-e2b4f536e660,CLBJ_002.basePlot.vst,11/30/2021,vst_CLBJ_2021,D11,CLBJ,CLBJ_002,32_100,NEON.PLA.D11.CLBJ.02997,1,,,"Lost, presumed dead",,,noChange,,,,,,,,,,,,,,,,,,,,,Unknown,0000-0003-1244-0815,0000-0003-0674-5356,04b8a66b-a009-4388-9868-f51a328a8998,
834579b5-622e-4db4-b378-790d46b74002,CLBJ_002.basePlot.vst,11/30/2021,vst_CLBJ_2021,D11,CLBJ,CLBJ_002,40_100,NEON.PLA.D11.CLBJ.03002,1,ok,liana,Live,1.8,130,noChange,,,,,,,,,,,,,,,,,,,,,,0000-0001-7985-6626,0000-0001-5569-8352,677083d0-a595-4c0c-bbe8-df31766a4ad1,
282ea1e8-186f-4caf-b2d7-fccc54dcb6df,CLBJ_002.basePlot.vst,11/30/2021,vst_CLBJ_2021,D11,CLBJ,CLBJ_002,unknown_100,NEON.PLA.D11.CLBJ.01202,2,ok,liana,Live,1,130,noChange,,,,,,,,,,,,,,,,,,,,,,0000-0003-1244-0815,0000-0003-0674-5356,2498582b-048c-4f87-a268-b0c296dad1f5,
c212555f-c45d-4815-9165-27db28557e91,CLBJ_002.basePlot.vst,11/30/2021,vst_CLBJ_2021,D11,CLBJ,CLBJ_002,41_100,NEON.PLA.D11.CLBJ.01444,1,ok,single bole tree,Live,27.9,140,noChange,4.6,,,,7,6.7,Partially shaded,,,,,,,,,,,,,,,0000-0001-7985-6626,0000-0001-5569-8352,d660695b-d895-4722-a015-c0d59cfb69f3,
75af4dc4-25b7-4d28-85ea-d4bb34f0dd80,CLBJ_002.basePlot.vst,11/30/2021,vst_CLBJ_2021,D11,CLBJ,CLBJ_002,31_100,NEON.PLA.D11.CLBJ.00678,1,ok,liana,Live,2.2,130,noChange,,,,,,,,,,,,,,,,,,,,,,0000-0003-1244-0815,0000-0003-0674-5356,dc294731-fcc3-46c1-a0bb-bf10865db7ce,
638b77e2-e309-4c2f-8298-e6f65d289481,CLBJ_002.basePlot.vst,11/30/2021,vst_CLBJ_2021,D11,CLBJ,CLBJ_002,32_100,NEON.PLA.D11.CLBJ.01220B,3,ok,multi-bole tree,Standing dead,17.7,130,noChange,,,,,,,,,,,,,,,,,,,,,Dead; Unknown cause of death,0000-0003-1244-0815,0000-0003-0674-5356,d3fcb7fc-7437-4207-9dd8-18f727c0a647,
ca00e1cf-1a94-4c9a-8c5f-9849b901bc29,CLBJ_002.basePlot.vst,11/30/2021,vst_CLBJ_2021,D11,CLBJ,CLBJ_002,41_100,NEON.PLA.D11.CLBJ.01434,1,,,Downed,,,noChange,,,,,,,,,,,,,,,,,,,,,Unknown dead,0000-0001-7985-6626,0000-0001-5569-8352,7cc83d9b-4728-4d57-9020-55dbde022a7a,
0e6f4176-007d-40a8-b61b-286dd19f460f,CLBJ_002.basePlot.vst,11/30/2021,vst_CLBJ_2021,D11,CLBJ,CLBJ_002,31_10_4,NEON.PLA.D11.CLBJ.00684,1,ok,sapling,"Live, physically damaged",,,noChange,0.7,,,,,,Full shade,,1.8,10,,,,,,,,,,,Physical; Crushed,0000-0003-1244-0815,0000-0003-0674-5356,8a7cd2ab-44ae-4ca0-9e07-120cc6dac315,
b5133346-8644-4314-88d9-0ae21544c749,CLBJ_002.basePlot.vst,11/30/2021,vst_CLBJ_2021,D11,CLBJ,CLBJ_002,40_100,NEON.PLA.D11.CLBJ.01452,1,ok,single bole tree,"Dead, broken bole",26.1,130,noChange,2.7,,2.7,24,,,Full sun,,,,,,,,,,,,,,Broken Bole; Windfall,0000-0001-7985-6626,0000-0001-5569-8352,83df5a62-ec3b-42e4-a4c5-bba5a2e0f319,
85e3f232-34bf-4251-8cd6-e14e3d2a6cec,CLBJ_002.basePlot.vst,11/30/2021,vst_CLBJ_2021,D11,CLBJ,CLBJ_002,32_100,NEON.PLA.D11.CLBJ.02998,1,,,Downed,,,noChange,,,,,,,,,,,,,,,,,,,,,Physical; Crushed,0000-0003-1244-0815,0000-0003-0674-5356,a50b1657-748a-4d9c-afc3-56285600cc9e,
5ccc5b31-6bbd-4783-ba34-30429241fc12,CLBJ_002.basePlot.vst,11/30/2021,vst_CLBJ_2021,D11,CLBJ,CLBJ_002,41_100,NEON.PLA.D11.CLBJ.01211,1,ok,single bole tree,Live,16,130,noChange,7.2,,,,5.5,5.2,Partially shaded,,,,,,,,,,,,,,,0000-0001-7985-6626,0000-0001-5569-8352,0770b5e0-96ec-4aa9-8381-a64a00630c6f,
c9398e59-a4cc-4547-95a4-ef81fc1548dd,CLBJ_002.basePlot.vst,11/30/2021,vst_CLBJ_2021,D11,CLBJ,CLBJ_002,41_100,NEON.PLA.D11.CLBJ.01443,1,ok,single bole tree,Live,21.3,130,noChange,3.5,,,,5.7,2.7,Partially shaded,,,,,,,,,,,,,,,0000-0001-7985-6626,0000-0001-5569-8352,302d14c7-6686-4a0a-82f3-abae7bf067ba,
ddd5d18b-a17e-40b6-a75d-4ad6fe38143e,CLBJ_002.basePlot.vst,11/30/2021,vst_CLBJ_2021,D11,CLBJ,CLBJ_002,40_100,NEON.PLA.D11.CLBJ.01455,1,ok,single bole tree,Live,29.7,130,noChange,5.1,,,,6.7,6.2,Partially shaded,,,,,,,,,,,,,,,0000-0001-7985-6626,0000-0001-5569-8352,d814ed7f-c532-4533-b37f-23486f093152,
ef66c928-b7f7-4dba-91e7-bd439cd7435d,CLBJ_002.basePlot.vst,11/30/2021,vst_CLBJ_2021,D11,CLBJ,CLBJ_002,40_10_3,NEON.PLA.D11.CLBJ.01236,1,ok,small tree,Live,2.5,130,noChange,2.7,,,,1.8,1.3,Mostly shaded,,,,,,,,,,,,,,,0000-0001-7985-6626,0000-0001-5569-8352,f3d10f4e-224d-4fc1-a13a-c414fb618cc8,
7b511e46-68c1-4448-aeeb-777d0c34c13a,CLBJ_002.basePlot.vst,11/30/2021,vst_CLBJ_2021,D11,CLBJ,CLBJ_002,31_10_4,NEON.PLA.D11.CLBJ.00686,1,ok,sapling,Live,,,noChange,1.9,,,,,,Full sun,,1.1,10,,,,,,,,,,,,0000-0003-1244-0815,0000-0003-0674-5356,c339b6fe-c789-4538-84ae-3b13f935ea4c,
62a38053-082d-485c-bb56-d61d7e4f8ebe,CLBJ_002.basePlot.vst,11/30/2021,vst_CLBJ_2021,D11,CLBJ,CLBJ_002,40_100,NEON.PLA.D11.CLBJ.01450,1,ok,single bole tree,Live,17.4,128,noChange,5.5,,,,7.3,5.8,Partially shaded,,,,,,,,,,,,,,,0000-0001-7985-6626,0000-0001-5569-8352,6e8a8602-b6c3-4ef4-92cf-dc2eeb4f050f,
46c9b180-97b3-47ba-9921-7233a073e9d0,CLBJ_002.basePlot.vst,11/30/2021,vst_CLBJ_2021,D11,CLBJ,CLBJ_002,32_100,NEON.PLA.D11.CLBJ.01213,1,ok,single bole tree,Standing dead,42.8,130,noChange,9,,,,5.4,3.8,Partially shaded,,,,,,,,,,,,,,Unknown,0000-0003-1244-0815,0000-0003-0674-5356,5904af81-9fc9-48fa-a4de-14c62a04c975,
597d4388-58fe-4c7e-83c7-8f9f9c73a8dd,CLBJ_002.basePlot.vst,11/30/2021,vst_CLBJ_2021,D11,CLBJ,CLBJ_002,40_10_1,NEON.PLA.D11.CLBJ.01246,1,ok,sapling,Live,,,noChange,0.5,,,,,,Full shade,,1.4,10,,,,,,,,,,,,0000-0001-7985-6626,0000-0001-5569-8352,c7c6aa64-5b28-45e9-958f-ca278bed68ed,
cf5061dc-736d-4aa2-8d2f-e783cc2f952e,CLBJ_002.basePlot.vst,11/30/2021,vst_CLBJ_2021,D11,CLBJ,CLBJ_002,41_10_4,NEON.PLA.D11.CLBJ.01436,1,ok,small tree,"Live, physically damaged",3.3,130,noChange,3.5,,,,2.8,1.5,Mostly shaded,,,,,,,,,,,,,,One stem broken off,0000-0001-7985-6626,0000-0001-5569-8352,dc7befc8-40a8-4dfc-966b-79c95a07c96d,
106a011e-e114-434c-a71f-23950074756d,CLBJ_002.basePlot.vst,11/30/2021,vst_CLBJ_2021,D11,CLBJ,CLBJ_002,41_100,NEON.PLA.D11.CLBJ.01206,1,ok,liana,Live,1.1,130,noChange,,,,,,,,,,,,,,,,,,,,,,0000-0001-7985-6626,0000-0001-5569-8352,b0b819fa-b89b-46d3-ba47-24ae5752c8b3,
1d3d1a4e-82b1-42d5-a544-8e20b9a20778,CLBJ_002.basePlot.vst,11/30/2021,vst_CLBJ_2021,D11,CLBJ,CLBJ_002,32_10_4,NEON.PLA.D11.CLBJ.01216,1,ok,small tree,Live,6.6,130,noChange,3.4,,,,2.4,2,Partially shaded,,,,,,,,,,,,,,,0000-0003-1244-0815,0000-0003-0674-5356,4f0af39a-d244-4749-a94f-cc8f453c2b15,
3815e45a-4d50-4165-bdc7-541e6461e857,CLBJ_002.basePlot.vst,11/30/2021,vst_CLBJ_2021,D11,CLBJ,CLBJ_002,40_100,NEON.PLA.D11.CLBJ.01453,1,ok,single bole tree,Live,24.6,130,noChange,7.2,,,,6.2,5.4,Partially shaded,,,,,,,,,,,,,,,0000-0001-7985-6626,0000-0001-5569-8352,9941be77-1a8d-4a06-a5a0-351e1e800cc1,
80afde16-5cb0-41e7-bf7b-3a13ff7af45a,CLBJ_002.basePlot.vst,11/30/2021,vst_CLBJ_2021,D11,CLBJ,CLBJ_002,32_10_2,NEON.PLA.D11.CLBJ.01222,1,ok,small tree,Standing dead,2.3,130,noChange,1.1,,,,1.5,1.2,Full shade,,,,,,,,,,,,,,Physical; Crushed,0000-0003-1244-0815,0000-0003-0674-5356,f231646b-cceb-4ee1-a703-06f407ff107d,
7669a3c5-8182-4921-b581-eb3897ce759f,CLBJ_002.basePlot.vst,11/30/2021,vst_CLBJ_2021,D11,CLBJ,CLBJ_002,32_100,NEON.PLA.D11.CLBJ.01215,2,ok,liana,Live,4,140,noChange,,,,,,,,,,,,,,,,,,,,,,0000-0003-1244-0815,0000-0003-0674-5356,fd088a6d-3ee0-4628-85aa-f608de34db81,
99d2a2b2-fba7-4957-8413-7ebcf3cfdfa5,CLBJ_002.basePlot.vst,11/30/2021,vst_CLBJ_2021,D11,CLBJ,CLBJ_002,40_10_1,NEON.PLA.D11.CLBJ.01247,1,ok,sapling,Live,,,noChange,1.3,,,,,,Full shade,,1.2,10,,,,,,,,,,,,0000-0001-7985-6626,0000-0001-5569-8352,82f430a9-c923-476b-b4ae-a6cd97809bb6,
6fc3949d-672d-4c4d-8736-9f5cb4e502bc,CLBJ_002.basePlot.vst,11/30/2021,vst_CLBJ_2021,D11,CLBJ,CLBJ_002,40_100,NEON.PLA.D11.CLBJ.01448,1,ok,single bole tree,Live,12.9,130,noChange,6.6,,,,3.1,2.7,Mostly shaded,,,,,,,,,,,,,,,0000-0001-7985-6626,0000-0001-5569-8352,f105eb1c-e25e-4025-a66b-168b14627e49,
2fed431d-64ef-4248-a8ff-d0dc5e16805f,CLBJ_002.basePlot.vst,11/30/2021,vst_CLBJ_2021,D11,CLBJ,CLBJ_002,40_10_3,NEON.PLA.D11.CLBJ.01237,1,ok,small tree,Live,2.1,130,noChange,3.3,,,,2.1,1.4,Full shade,,,,,,,,,,,,,,,0000-0001-7985-6626,0000-0001-5569-8352,09ddf8e3-e640-44ca-9ed9-16f2fb1b09b7,
1db0f89e-88ed-44ca-8250-50c6bd58653c,CLBJ_002.basePlot.vst,11/30/2021,vst_CLBJ_2021,D11,CLBJ,CLBJ_002,41_100,NEON.PLA.D11.CLBJ.02993,1,ok,single bole tree,No longer qualifies,,120,noChange,,,,,,,Partially shaded,,,,,,,,,,,,,,Outside plot boundaries,0000-0001-7985-6626,0000-0001-5569-8352,1710add0-84ae-4d25-bf01-8b1987e30ee1,
4fa7cfc1-39d2-481b-982f-1bdab23f4579,CLBJ_002.basePlot.vst,11/30/2021,vst_CLBJ_2021,D11,CLBJ,CLBJ_002,41_100,NEON.PLA.D11.CLBJ.01446,1,ok,single bole tree,Live,26.6,130,noChange,7.5,,,,7.8,5.5,Partially shaded,,,,,,,,,,,,,,,0000-0001-7985-6626,0000-0001-5569-8352,acb1d3d6-1b68-473c-9690-b929d41a31a0,
8bac0216-0dfe-497d-9d4c-ce7eb0375870,CLBJ_002.basePlot.vst,11/30/2021,vst_CLBJ_2021,D11,CLBJ,CLBJ_002,31_10_1,NEON.PLA.D11.CLBJ.01244,1,ok,sapling,"Live, disease damaged",,,noChange,0.5,,,,,,Full shade,,1.2,10,,,,,,,,,,,Fungus bound on main bole,0000-0001-7985-6626,0000-0001-5569-8352,3a08d703-0ea5-4d0f-bbbb-882b6f1640f0,
1c61a279-41de-4686-910b-d29c6dac5835,CLBJ_002.basePlot.vst,11/30/2021,vst_CLBJ_2021,D11,CLBJ,CLBJ_002,31_100,NEON.PLA.D11.CLBJ.00682,1,ok,liana,Live,1,130,noChange,,,,,,,,,,,,,,,,,,,,,,0000-0003-1244-0815,0000-0003-0674-5356,bcb24cd8-a2f3-4cc5-8a2d-1b95201012c4,
a4c2e824-422a-4b89-9b27-c094ba26a492,CLBJ_002.basePlot.vst,11/30/2021,vst_CLBJ_2021,D11,CLBJ,CLBJ_002,31_100,NEON.PLA.D11.CLBJ.00677A,1,ok,multi-bole tree,Live,12.9,180,noChange,6.4,,,,8.1,6,Partially shaded,,,,,,,,,,,,,,,0000-0003-1244-0815,0000-0003-0674-5356,1076d043-e61c-4647-b249-ed0166c026a5,
2a254a8d-c983-441e-a0b6-9dbeef1de47f,CLBJ_002.basePlot.vst,11/30/2021,vst_CLBJ_2021,D11,CLBJ,CLBJ_002,40_10_3,NEON.PLA.D11.CLBJ.03203,1,ok,small tree,Live,1.4,130,noChange,1.6,,,,2,1.2,Full shade,,,,,,,,,,,,,,,0000-0001-7985-6626,0000-0001-5569-8352,ec325cd8-a710-4a84-b6e6-a18237983b55,
95fcb78a-f5b2-459e-94a0-93bde72074fd,CLBJ_002.basePlot.vst,11/30/2021,vst_CLBJ_2021,D11,CLBJ,CLBJ_002,41_100,NEON.PLA.D11.CLBJ.01441,2,ok,liana,Live,6.4,130,noChange,,,,,,,,,,,,,,,,,,,,,,0000-0001-7985-6626,0000-0001-5569-8352,63d806be-2891-43a3-947a-0a188090ae65,
81b32c3f-25dc-4b82-8c0f-11e87cbf5e0c,CLBJ_002.basePlot.vst,11/30/2021,vst_CLBJ_2021,D11,CLBJ,CLBJ_002,40_10_3,NEON.PLA.D11.CLBJ.01235,1,ok,small tree,Live,2.4,130,noChange,2.3,,,,2.4,2,Mostly shaded,,,,,,,,,,,,,,,0000-0001-7985-6626,0000-0001-5569-8352,60789b46-2070-4ad8-ae51-42c80643665b,
ac7e965b-f9e4-4c9a-9482-a964b853064d,CLBJ_002.basePlot.vst,11/30/2021,vst_CLBJ_2021,D11,CLBJ,CLBJ_002,31_100,NEON.PLA.D11.CLBJ.03097,1,ok,liana,Live,2.1,130,noChange,,,,,,,,,,,,,,,,,,,,,,0000-0003-1244-0815,0000-0003-0674-5356,7d788fed-5967-487f-a627-6ac1ba7dbfae,
354909c6-5c66-418f-9cea-43dfc26abd1f,CLBJ_002.basePlot.vst,11/30/2021,vst_CLBJ_2021,D11,CLBJ,CLBJ_002,31_100,NEON.PLA.D11.CLBJ.00679,1,ok,liana,"Live, physically damaged",1.6,130,noChange,,,,,,,,,,,,,,,,,,,,,Physical; Crushed,0000-0003-1244-0815,0000-0003-0674-5356,3e844f71-97f3-4c44-bf94-1e0f51df330d,
2b027b3f-a7d2-4832-b229-0488b79f21e7,CLBJ_002.basePlot.vst,11/30/2021,vst_CLBJ_2021,D11,CLBJ,CLBJ_002,unknown_100,NEON.PLA.D11.CLBJ.01205,1,ok,liana,Live,2.8,130,noChange,,,,,,,,,,,,,,,,,,,,,,0000-0003-1244-0815,0000-0003-0674-5356,08cf315b-7191-429f-a80d-198e56ff9d30,
140458d3-bdd1-47b4-a007-d87b358d014d,CLBJ_002.basePlot.vst,11/30/2021,vst_CLBJ_2021,D11,CLBJ,CLBJ_002,32_10_2,NEON.PLA.D11.CLBJ.02603,1,ok,small tree,Live,3.3,128,noChange,3.6,,,,2.6,1.6,Mostly shaded,,,,,,,,,,,,,,,0000-0003-1244-0815,0000-0003-0674-5356,b4b499fc-2282-4c1f-9600-40488930e60a,
9908a2b4-fcbe-4b42-8dff-8586034fee97,CLBJ_002.basePlot.vst,11/30/2021,vst_CLBJ_2021,D11,CLBJ,CLBJ_002,31_100,NEON.PLA.D11.CLBJ.00681,1,ok,liana,Live,2.2,130,noChange,,,,,,,,,,,,,,,,,,,,,,0000-0003-1244-0815,0000-0003-0674-5356,57af2a74-cd1c-4acc-a110-13c43681494f,
efd66c51-e185-43fb-8837-b61210ee6256,CLBJ_002.basePlot.vst,11/30/2021,vst_CLBJ_2021,D11,CLBJ,CLBJ_002,31_100,NEON.PLA.D11.CLBJ.01210,1,ok,liana,Live,2.2,130,noChange,,,,,,,,,,,,,,,,,,,,,,0000-0003-1244-0815,0000-0003-0674-5356,2dea1397-cbe6-477f-aa31-87613c3563f2,
fe63db93-4421-4551-97d4-edfbb9228493,CLBJ_002.basePlot.vst,11/30/2021,vst_CLBJ_2021,D11,CLBJ,CLBJ_002,41_10_1,NEON.PLA.D11.CLBJ.01445,1,ok,small tree,Live,2.1,130,noChange,2.9,,,,1.9,1.2,Mostly shaded,,,,,,,,,,,,,,,0000-0001-7985-6626,0000-0001-5569-8352,b0f95da2-d8ef-446e-b980-9a72e08a74ad,
ff1bf2ad-9c16-4f25-9fd1-9ff613ac847b,CLBJ_002.basePlot.vst,11/30/2021,vst_CLBJ_2021,D11,CLBJ,CLBJ_002,32_100,NEON.PLA.D11.CLBJ.01220,1,ok,multi-bole tree,Live,24.7,130,noChange,8.2,,,,8.2,7,Partially shaded,,,,,,,,,,,,,,,0000-0003-1244-0815,0000-0003-0674-5356,891851f2-e6c6-490b-a64f-31e545b8a8fc,
df993b7a-a9b1-49f7-8232-727d3a4649b3,CLBJ_002.basePlot.vst,11/30/2021,vst_CLBJ_2021,D11,CLBJ,CLBJ_002,32_100,NEON.PLA.D11.CLBJ.01203,1,ok,liana,Live,2.8,130,noChange,,,,,,,,,,,,,,,,,,,,,,0000-0003-1244-0815,0000-0003-0674-5356,b4860354-ee99-4c44-97d0-a131b498c8b3,
d2b0eeb7-419b-4fa7-978d-3698e0f560f5,CLBJ_002.basePlot.vst,11/30/2021,vst_CLBJ_2021,D11,CLBJ,CLBJ_002,40_100,NEON.PLA.D11.CLBJ.01454,1,ok,single bole tree,Live,31.9,130,noChange,8.6,,,,7.5,6.7,Full sun,,,,,,,,,,,,,,,0000-0001-7985-6626,0000-0001-5569-8352,df0d24c2-cb43-47e2-8d27-199df65268ef,
ae13dd3f-64d1-41ff-a261-99c071c59c02,CLBJ_002.basePlot.vst,11/30/2021,vst_CLBJ_2021,D11,CLBJ,CLBJ_002,31_100,NEON.PLA.D11.CLBJ.00689,1,,,"Lost, presumed dead",,,noChange,,,,,,,,,,,,,,,,,,,,,Unknown,0000-0003-1244-0815,0000-0003-0674-5356,c8fe6bd0-8214-4d79-ba36-55bacd60add9,
c6316e61-3598-4be0-981f-5b753f57d5bc,CLBJ_002.basePlot.vst,11/30/2021,vst_CLBJ_2021,D11,CLBJ,CLBJ_002,41_10_1,NEON.PLA.D11.CLBJ.01440,1,ok,small tree,"Live, disease damaged",1.5,130,noChange,2.2,,,,0.6,0.4,Mostly shaded,,,,,,,,,,,,,,Black crust fungus growing from bole,0000-0001-7985-6626,0000-0001-5569-8352,f2e984a6-7151-4e96-ab84-73428cefc738,
48d22806-38c6-41dc-b473-2e55ad746d77,CLBJ_002.basePlot.vst,11/30/2021,vst_CLBJ_2021,D11,CLBJ,CLBJ_002,40_10_1,NEON.PLA.D11.CLBJ.03201,1,ok,sapling,Live,,,noChange,0.7,,,,,,Full shade,,1,10,,,,,,,,,,,,0000-0001-7985-6626,0000-0001-5569-8352,177402f8-6ba7-47a9-ae3c-d720cecfb5e3,
47f82e4e-b0c0-4053-92fe-c2b76ef60584,CLBJ_002.basePlot.vst,11/30/2021,vst_CLBJ_2021,D11,CLBJ,CLBJ_002,31_10_1,NEON.PLA.D11.CLBJ.00685,2,ok,sapling,Live,,,noChange,,,,,,,Full sun,,1.3,10,,,,,,,,,,,ddh not averaged between 2 measurments due to cork growth.,0000-0003-1244-0815,0000-0003-0674-5356,f07af324-725b-4022-98cb-44fc04ad9973,
9cbf74e5-a21b-43f8-88f5-24ebfcb87b9b,CLBJ_002.basePlot.vst,11/30/2021,vst_CLBJ_2021,D11,CLBJ,CLBJ_002,40_100,NEON.PLA.D11.CLBJ.03204,2,ok,liana,Live,1.4,130,noChange,,,,,,,,,,,,,,,,,,,,,,0000-0001-7985-6626,0000-0001-5569-8352,fd4c324c-ebc1-4a39-8bf7-a925c93ad492,
ba9682e6-5140-4a46-94fc-273cf1eb1382,CLBJ_002.basePlot.vst,11/30/2021,vst_CLBJ_2021,D11,CLBJ,CLBJ_002,40_10_1,NEON.PLA.D11.CLBJ.01245,1,ok,sapling,Live,,,noChange,1.8,,,,,,Full shade,,1.2,10,,,,,,,,,,,,0000-0001-7985-6626,0000-0001-5569-8352,9f8ebf92-4e8c-43e5-b0d6-dbd7c1d77347,
df0514e1-1292-4adf-9653-35d7e817b32c,CLBJ_002.basePlot.vst,11/30/2021,vst_CLBJ_2021,D11,CLBJ,CLBJ_002,40_100,NEON.PLA.D11.CLBJ.01241,1,,,"Lost, presumed dead",,,noChange,,,,,,,,,,,,,,,,,,,,,Unknown,0000-0001-7985-6626,0000-0001-5569-8352,4e5c337e-b321-47a8-9828-624d87b03d1e,
565e84c9-fa57-4e0d-865d-3a0a4b83b928,CLBJ_002.basePlot.vst,11/30/2021,vst_CLBJ_2021,D11,CLBJ,CLBJ_002,40_10_1,NEON.PLA.D11.CLBJ.03300,1,ok,sapling,Live,,,noChange,1.2,,,,,,Full shade,,1.1,10,,,,,,,,,,,,0000-0001-7985-6626,0000-0001-5569-8352,47b63c9f-54e3-4f97-9c71-76b45e1768e3,
7825980c-de28-4e20-8d7f-6439b742143b,CLBJ_002.basePlot.vst,11/30/2021,vst_CLBJ_2021,D11,CLBJ,CLBJ_002,40_100,NEON.PLA.D11.CLBJ.01463,1,ok,single bole tree,Standing dead,40.6,130,noChange,8.4,,,,5,4.1,Partially shaded,,,,,,,,,,,,,,Standing dead with fungal decay on bark and sloughing,0000-0001-7985-6626,0000-0001-5569-8352,b46aca0b-1382-4dd1-813d-3c3994a67d47,
91a79ea2-69e9-4272-9808-8859590e346d,CLBJ_002.basePlot.vst,11/30/2021,vst_CLBJ_2021,D11,CLBJ,CLBJ_002,32_10_4,NEON.PLA.D11.CLBJ.01217,2,ok,sapling,"Dead, broken bole",,,noChange,,,,,,,Partially shaded,,1.5,10,,,,,,,,,,,Dead; Unknown cause of death,0000-0003-1244-0815,0000-0003-0674-5356,bd2bcccd-1f7a-4ad5-9739-cc5e3e285ab6,
